version,title,category,statement_sha256,status,reason
basic-pool-v1-arrays-strings-easy-01-v1,앙코르에 남은 음표,배열·문자열,18b68f1d5fbde0ef985f2d6109eb931bb8f8defb5f1d98075f3c596626a5ecfe,TEXT_FIRST,그림 필요성을 추가 검토한 뒤 제작
basic-pool-v1-arrays-strings-easy-02-v1,겹쳐 찍힌 두 장의 필름,배열·문자열,953208c475e4ed74aaf80a7e9586400628898405796c4aef7c71e7a3e5dd4476,ILLUSTRATED,규칙 검토 완료
basic-pool-v1-arrays-strings-easy-03-v1,원형 객석의 파도,배열·문자열,1bfd2231607d57309270749bcdb86327e0e9939d047bb6381ba91122e18bde5c,TEXT_FIRST,그림 필요성을 추가 검토한 뒤 제작
basic-pool-v1-arrays-strings-easy-04-v1,무대 밖으로 새어 나온 대사,배열·문자열,db6688d74b6646eb57a9b4d3acfd20744e66df0e3d65297dc8df56d93f7fdaa1,TEXT_FIRST,그림 필요성을 추가 검토한 뒤 제작
basic-pool-v1-arrays-strings-hard-01-v1,검은 상자 안의 축제,배열·문자열,cdd328efb434a0b0e55dbebdd22dbbcc6daee4a1f32198a55d394ab1aed86898,TEXT_FIRST,그림 필요성을 추가 검토한 뒤 제작
basic-pool-v1-arrays-strings-hard-02-v1,면죄부 한 장의 회상,배열·문자열,59d05008102bafadb202ef6a2bf8fdd9fba8fa969a1b69bcb655443bcb265bca,TEXT_FIRST,그림 필요성을 추가 검토한 뒤 제작
basic-pool-v1-arrays-strings-hard-03-v1,기록에서 빠진 최초의 장면,배열·문자열,5f91477aae36e218ddee8c9dca7b6df49cd67ef6c9cdb6109a3a8b020f94c8ce,TEXT_FIRST,그림 필요성을 추가 검토한 뒤 제작
basic-pool-v1-arrays-strings-hard-04-v1,정확히 세어야 하는 침묵,배열·문자열,923bc5e11055678885a9d3dced9b2dc54cba2b53e483213527dc4854e8a88d5a,TEXT_FIRST,그림 필요성을 추가 검토한 뒤 제작
basic-pool-v1-arrays-strings-medium-01-v1,비가 내린 페이지,배열·문자열,16d62186648c94af3efb15f17319bc6690603f55e3a74bdf988fda945cee6431,TEXT_FIRST,그림 필요성을 추가 검토한 뒤 제작
basic-pool-v1-arrays-strings-medium-02-v1,소문이 머무는 길이,배열·문자열,8ec1d6328b723db62d6d7ce2ca47f5632c7a9d68323e858a8d443539da5b9ac5,TEXT_FIRST,그림 필요성을 추가 검토한 뒤 제작
basic-pool-v1-arrays-strings-medium-03-v1,잘라낸 파도의 에너지,배열·문자열,d1a7d212d804a87cce5eeab145e86914d18ed5135d3b52eb3d75ad74557ac0fd,TEXT_FIRST,그림 필요성을 추가 검토한 뒤 제작
basic-pool-v1-arrays-strings-medium-04-v1,기억이 지워지는 소절,배열·문자열,aadc16f74bf2092f8d0064bfef75bc42223ef6f25ed17961447bb0d26bb4de9a,TEXT_FIRST,그림 필요성을 추가 검토한 뒤 제작
basic-pool-v1-backtracking-easy-01-v1,비워 둘 수 없는 시음회,백트래킹,850fcac1498e1860f013ae701545aa2362f78cd4caec491578a7813fe677f45e,TEXT_FIRST,그림 필요성을 추가 검토한 뒤 제작
basic-pool-v1-backtracking-easy-02-v1,가면에 적힌 자리,백트래킹,5418a96e3b71f959cf416401fd68e0aacc82e5c7ff605a16232157be3a21db2f,TEXT_FIRST,그림 필요성을 추가 검토한 뒤 제작
basic-pool-v1-backtracking-easy-03-v1,맞닿지 않는 두 불씨,백트래킹,0b56a47ea4eb9229df0c8884bb86c59c526f0421e6f4b9849373d49ec4126245,TEXT_FIRST,그림 필요성을 추가 검토한 뒤 제작
basic-pool-v1-backtracking-easy-04-v1,닫히지 않은 비밀문,백트래킹,8b8aad89f1d1222b59461753964ee065e28ed66f9685eb2327a4512809a4f5fe,TEXT_FIRST,그림 필요성을 추가 검토한 뒤 제작
basic-pool-v1-backtracking-hard-01-v1,순서가 값을 바꾸는 연금술,백트래킹,a6ee5b25c67142444e549369d076218673fb39d939379e7a7b9b3f93d78572cd,TEXT_FIRST,그림 필요성을 추가 검토한 뒤 제작
basic-pool-v1-backtracking-hard-02-v1,증언이 충돌하는 재판,백트래킹,7df8945683d3efaad2e375743b7f8bdd6ed0e44fe5034f8b589319eaa0d82d02,TEXT_FIRST,그림 필요성을 추가 검토한 뒤 제작
basic-pool-v1-backtracking-hard-03-v1,빈방을 남길 수 없는 열차,백트래킹,8dc65ef2cf93b2c62fd877785de6ef399c93b38f3e6e5e52b5a9aa1d7fd6c91e,REVIEW_NEEDED,격자 / 상하좌우
basic-pool-v1-backtracking-hard-04-v1,암호화된 결산 공연,백트래킹,d0f368df3e2522452671b9a12ddcdfe053500e366ccdb8b091047ad408e740d8,TEXT_FIRST,그림 필요성을 추가 검토한 뒤 제작
basic-pool-v1-backtracking-medium-01-v1,같은 이름의 마법책,백트래킹,6f781ca177ddd75d71c57c4ea94aa2f3628536b6f60785030d7de91e658d2455,TEXT_FIRST,그림 필요성을 추가 검토한 뒤 제작
basic-pool-v1-backtracking-medium-02-v1,거울을 돌리는 발자국,백트래킹,edc12a3551f2dd82f28b79338ec881cd872533ed588604aa17f0e34f09b56ca5,ILLUSTRATED,규칙 검토 완료
basic-pool-v1-backtracking-medium-03-v1,각자의 금기를 가진 만찬,백트래킹,33f7d60a2994632b75daf55841a81e48915bfc92b54ff87adc81f2e6b9016464,TEXT_FIRST,그림 필요성을 추가 검토한 뒤 제작
basic-pool-v1-backtracking-medium-04-v1,광대의 세 개 모자,백트래킹,663d3fa6c79ee4f636dae81d63becb9ce49a3cc3cc55937b01a498bdbb0545d8,TEXT_FIRST,그림 필요성을 추가 검토한 뒤 제작
basic-pool-v1-basic-data-structures-easy-01-v1,마주친 인장의 소멸,기초 자료구조,13b99e7a5c6e26ef35727653509ebacf1bcb56b1ff5c061e6e9dfbecdb357b55,TEXT_FIRST,그림 필요성을 추가 검토한 뒤 제작
basic-pool-v1-basic-data-structures-easy-02-v2,호명 뒤에 한 바퀴,기초 자료구조,bcbcfd7b905966164f8ec8d7a6e89bf9235295c79e34657b8f5a211085fb01e7,TEXT_FIRST,그림 필요성을 추가 검토한 뒤 제작
basic-pool-v1-basic-data-structures-easy-03-v2,사진에 남은 유령,기초 자료구조,b4b19f4c1c38a5d64e28e4d09a9b6f99e7b8b9a973d21a28c6b9427cbf8119a9,TEXT_FIRST,그림 필요성을 추가 검토한 뒤 제작
basic-pool-v1-basic-data-structures-easy-04-v2,장갑을 잃어버린 극장,기초 자료구조,5a825a78474ea31f596ce55a058c3360b33b2c14856126702c0b22f79cd2d577,TEXT_FIRST,그림 필요성을 추가 검토한 뒤 제작
basic-pool-v1-basic-data-structures-hard-01-v1,동시에 오르는 공연료,기초 자료구조,cf31cad627ed2adeabb795bc4875ebb8b9ee884d634c3782e865feb1a15dc8d6,TEXT_FIRST,그림 필요성을 추가 검토한 뒤 제작
basic-pool-v1-basic-data-structures-hard-02-v1,연달아 비어 있는 객석,기초 자료구조,06e116639f2d1815c3470d770ae1b9b487c3a7fa014167a6b01e5c30b608b1c5,ILLUSTRATED,규칙 검토 완료
basic-pool-v1-basic-data-structures-hard-03-v1,기억을 지우는 검열기,기초 자료구조,f5649fab497b70b7036614c6aa617ff758f87f52670c26e368f79dd5a40d87ea,TEXT_FIRST,그림 필요성을 추가 검토한 뒤 제작
basic-pool-v1-basic-data-structures-hard-04-v1,돌아갈 수 있는 계약서,기초 자료구조,cc76b04c0e5ab14eb5c8261811bd3a0d3989b23daec6cb6cacd8391790cc924a,TEXT_FIRST,그림 필요성을 추가 검토한 뒤 제작
basic-pool-v1-basic-data-structures-medium-01-v2,저장되지 않은 연출,기초 자료구조,6bbdb1fbafd759a7f9e959daa7b5b24253bcc6c53509d0f80d7ea739d4dc491e,TEXT_FIRST,그림 필요성을 추가 검토한 뒤 제작
basic-pool-v1-basic-data-structures-medium-02-v1,저녁 종이 울리는 순서,기초 자료구조,ee4891248f73533dcd375f3f23a6933decfe429d97521793ed106d13acd6f3a8,TEXT_FIRST,그림 필요성을 추가 검토한 뒤 제작
basic-pool-v1-basic-data-structures-medium-03-v1,사라진 경쟁자의 점수,기초 자료구조,e6ecdf3b0f6df351a5a09758f0a25e1b26ebe241fe314fcb1d8f9f1cc2ffb512,TEXT_FIRST,그림 필요성을 추가 검토한 뒤 제작
basic-pool-v1-basic-data-structures-medium-04-v1,말을 끊는 다음 목소리,기초 자료구조,ac81ddbdc2eb8f15599496853c616103436eb25cdea495ebcbf1089c8886b4f7,TEXT_FIRST,그림 필요성을 추가 검토한 뒤 제작
basic-pool-v1-bfs-easy-01-v1,바닥에 남은 야광,너비 우선 탐색,5c2fbfe23be61f50da28ac6e856987a189a08e24214613b902b143a85d0817ea,ILLUSTRATED,규칙 검토 완료
basic-pool-v1-bfs-easy-02-v1,엘리베이터가 쉬는 층,너비 우선 탐색,4cba3a4e85f5d5c9a68ce5a5032748105dae0f756dcaaf18db26c99653952742,TEXT_FIRST,그림 필요성을 추가 검토한 뒤 제작
basic-pool-v1-bfs-easy-03-v1,메아리가 처음 닿는 고리,너비 우선 탐색,7a2a8c4c01b26b5738237f77ba48a9d54e536bc70c1a2774a39fa627a446d8f2,TEXT_FIRST,그림 필요성을 추가 검토한 뒤 제작
basic-pool-v1-bfs-easy-04-v1,세 자리 금고의 두 버튼,너비 우선 탐색,bbb40bc8fad22e12b1dfc15729ba2d120df3ba1ddfd5cbdd10df19b0b2402fae,TEXT_FIRST,그림 필요성을 추가 검토한 뒤 제작
basic-pool-v1-bfs-hard-01-v1,접힌 복도와 무료 환승,너비 우선 탐색,8815307cfdae4f62b85f9c5504387e66115cf9e824c7489e8c365a62ce489c79,REVIEW_NEEDED,격자
basic-pool-v1-bfs-hard-02-v1,발소리를 빌려주는 쌍둥이,너비 우선 탐색,0bf3c323d931dc2feec0acc1c4e5d8b6a0a089876a77cec4b73e4a9ad09a54c5,ILLUSTRATED,규칙 검토 완료
basic-pool-v1-bfs-hard-03-v1,켜진 방을 기억하는 성,너비 우선 탐색,9365c5a647fe5d959ad46ee168be7ead777a87774f08277fd0a25028544b5175,REVIEW_NEEDED,격자 / 상하좌우
basic-pool-v1-bfs-hard-04-v2,고장 난 셔터의 길,너비 우선 탐색,3485bdf1657af7cfca6d343f193db6bf3a8ee365086fcac0e657e4e7cab1b062,ILLUSTRATED,규칙 검토 완료
basic-pool-v1-bfs-medium-01-v1,새벽 청소부의 경계,너비 우선 탐색,ba607355ee61fedf2f5f11f20a6b373135b465b1122f8209faab757c9ca9d6d5,REVIEW_NEEDED,격자 / 상하좌우
basic-pool-v1-bfs-medium-02-v1,한 박자 늦게 열리는 문,너비 우선 탐색,b57c427ae7e5f96099ad6309e5b6ceffcc00406a4bf1b5ddc827386e3cbcb70f,ILLUSTRATED,규칙 검토 완료
basic-pool-v1-bfs-medium-03-v1,빌린 날개 한 번,너비 우선 탐색,cd27225d0c1b5ff5a746b0449476cfe7421d5e8f0bfec1258ab810186cdebeb3,ILLUSTRATED,규칙 검토 완료
basic-pool-v1-bfs-medium-04-v1,박수로 켜는 안내등,너비 우선 탐색,dc87172b13225608b59b06dd96cf8e67691476d70b6ab29fcde30744fe79ff5f,TEXT_FIRST,그림 필요성을 추가 검토한 뒤 제작
basic-pool-v1-binary-search-easy-01-v1,약속보다 늦지 않은 별똥별,이분 탐색,785ea8eaafd6d76343183b8cc4d37fd105420e6ad6d7007016a3aae7c65b58a6,TEXT_FIRST,그림 필요성을 추가 검토한 뒤 제작
basic-pool-v1-binary-search-easy-02-v1,없어진 열차표의 k번째 자리,이분 탐색,44123c5dcb4b481fb6a735040f8a2a4f2bf827fde789d42e41ea0f8295f8c342,TEXT_FIRST,그림 필요성을 추가 검토한 뒤 제작
basic-pool-v1-binary-search-easy-03-v1,종이 왕관의 마지막 층,이분 탐색,41af6a5555e740a1f56227c5425667753f2077cd239958ba5dd70df4b909e278,TEXT_FIRST,그림 필요성을 추가 검토한 뒤 제작
basic-pool-v1-binary-search-easy-04-v1,다시 만나는 재생 위치,이분 탐색,94683a9b681902b463a95393b9b38fb67b930762e298a0a085f5e510c506f873,TEXT_FIRST,그림 필요성을 추가 검토한 뒤 제작
basic-pool-v1-binary-search-hard-01-v1,소음 제한 속의 구급선,이분 탐색,1caafb0bbd74b7b4c8f8757d4f90e309e7db7fdb9bc6383c37c2e521b347536a,TEXT_FIRST,그림 필요성을 추가 검토한 뒤 제작
basic-pool-v1-binary-search-hard-02-v1,악보에 찍는 최소한의 덧칠,이분 탐색,3e53043b70001184e3c6d56057ffb67ed9d9bf7065282bc85adabd5185b8bdac,TEXT_FIRST,그림 필요성을 추가 검토한 뒤 제작
basic-pool-v1-binary-search-hard-03-v1,금빛 자막의 중앙값,이분 탐색,9a9e22071acd76dc4f5b5cfc9badd64fd1595420c42c0a86bb14f5f94476eed0,REVIEW_NEEDED,격자
basic-pool-v1-binary-search-hard-04-v1,끊어진 궤도의 구조대,이분 탐색,7393d7a1b892e552f4324aee77847a34c4c4621da82abe572f61a79a24e17fa9,TEXT_FIRST,그림 필요성을 추가 검토한 뒤 제작
basic-pool-v1-binary-search-medium-01-v1,한밤중의 필름 분할,이분 탐색,2e799afa9b19975e94ae560863326be892b62cdb7d27b8c2fb4072415706a8bf,TEXT_FIRST,그림 필요성을 추가 검토한 뒤 제작
basic-pool-v1-binary-search-medium-02-v1,서로 닿지 않는 축포,이분 탐색,09c6d3189487dba0f69fa63893ab0ce19d9a128438051a596518504aece8cf33,REVIEW_NEEDED,좌표
basic-pool-v1-binary-search-medium-03-v1,숨을 고르는 풍선 연주자,이분 탐색,937c366c3739384dfacbed009133ae3b9e3f4be1db9e223e2f11654da1846f22,TEXT_FIRST,그림 필요성을 추가 검토한 뒤 제작
basic-pool-v1-binary-search-medium-04-v1,최소 밝기로 열리는 통로,이분 탐색,a313dc367dc91d54efee57bd660988bd662236cfbf958146877266c1837453f0,REVIEW_NEEDED,격자 / 상하좌우
basic-pool-v1-dfs-easy-01-v1,잠들지 않는 전시실,깊이 우선 탐색,7c53b50b10a73e48f0dc2dc431589eb1af8fd8eb17903f67aa9cec98b2f123a3,TEXT_FIRST,그림 필요성을 추가 검토한 뒤 제작
basic-pool-v1-dfs-easy-02-v1,돌아오는 복도의 발자국,깊이 우선 탐색,63a82ded328b5078d2e946ef62bc7c11b81817bf2a52f21b437955d0ba51b266,TEXT_FIRST,그림 필요성을 추가 검토한 뒤 제작
basic-pool-v1-dfs-easy-03-v1,금이 간 유리섬,깊이 우선 탐색,5c200b07ec87195b2c068b491c1fd016340edd8255e8bd642debfe897787abb6,ILLUSTRATED,규칙 검토 완료
basic-pool-v1-dfs-easy-04-v1,끝이 정해진 전언,깊이 우선 탐색,baa96805def9ac6cea76d1a74e6b637b5edcd225c138a32c9cc1797b711fa78e,TEXT_FIRST,그림 필요성을 추가 검토한 뒤 제작
basic-pool-v1-dfs-hard-01-v1,왕의 이름을 지운 지도,깊이 우선 탐색,bfb0325e9198670263c0c478e84a6748bf7f1ff2bcc5dd4083f252ae9126ab86,TEXT_FIRST,그림 필요성을 추가 검토한 뒤 제작
basic-pool-v1-dfs-hard-02-v1,같은 이야기를 끝없이,깊이 우선 탐색,efa2442fd9adbfee7a7b9ac77bc32b26da473e0496f99591de8cdbed4bf33f18,TEXT_FIRST,그림 필요성을 추가 검토한 뒤 제작
basic-pool-v1-dfs-hard-03-v1,가장 자주 불린 색의 이름,깊이 우선 탐색,d8c49cc45026807a9c6297370ee548f703ca65921ae2a026a0d638de8a80d1d7,TEXT_FIRST,그림 필요성을 추가 검토한 뒤 제작
basic-pool-v1-dfs-hard-04-v1,바람이 바꾸는 수도,깊이 우선 탐색,8bfed13e970d2754b2818eb22c5522eb18e2c26641c842b68a9b98bea8df8a4c,TEXT_FIRST,그림 필요성을 추가 검토한 뒤 제작
basic-pool-v1-dfs-medium-01-v1,서고에서 돌아오는 초대,깊이 우선 탐색,70cb864e604db855ebed683efb7d3e86c038d86ee34f2a09eded26b75f2664e8,TEXT_FIRST,그림 필요성을 추가 검토한 뒤 제작
basic-pool-v1-dfs-medium-02-v1,기억을 상속하는 가문,깊이 우선 탐색,a9c87909c0e90a90eb890c20684ef6fc67a22dd972aaf69b7a28b692bd180fd7,TEXT_FIRST,그림 필요성을 추가 검토한 뒤 제작
basic-pool-v1-dfs-medium-03-v1,다른 색의 후계자,깊이 우선 탐색,ea6f6d88d8f1b5aeb8c87bd5bddb7f4493adf7c6bd0c01bc65d0bc080852fecf,TEXT_FIRST,그림 필요성을 추가 검토한 뒤 제작
basic-pool-v1-dfs-medium-04-v1,닫힌 문장으로 끝나는 길,깊이 우선 탐색,a986182758941e25492e45dad6710837dac039fbc68eb8b3d8e401cd3aa862a9,TEXT_FIRST,그림 필요성을 추가 검토한 뒤 제작
basic-pool-v1-dp-easy-01-v1,계단이 사라지는 밤,동적 계획법,76366fed64a43ae7b57d28993889b03dcbca88cc840aafe19e3cc415981e801c,TEXT_FIRST,그림 필요성을 추가 검토한 뒤 제작
basic-pool-v1-dp-easy-02-v1,두 장씩 묶는 인화지,동적 계획법,555f42d809f12e7523699b4b5c03ff49608fbadbbcc939893fc1228a5c4b3c9d,TEXT_FIRST,그림 필요성을 추가 검토한 뒤 제작
basic-pool-v1-dp-easy-03-v1,어제와 다른 저녁,동적 계획법,4603a08ed6c515ee3d92ef5a4b6a4fddc296d1252f80d35ef59c6be06dca25b7,TEXT_FIRST,그림 필요성을 추가 검토한 뒤 제작
basic-pool-v1-dp-easy-04-v1,맨 앞을 지우는 두 사람,동적 계획법,14b2d8b56b190cf38ad4f37225b6d97b12d37b1ae8fc9be4e064dcf80e72f309,TEXT_FIRST,그림 필요성을 추가 검토한 뒤 제작
basic-pool-v1-dp-hard-01-v1,마지막 커튼콜의 순서,동적 계획법,069285112d4fe647da165c49dbdbcf2b3cb047907fd023292e1c11d6b9cf9ba4,TEXT_FIRST,그림 필요성을 추가 검토한 뒤 제작
basic-pool-v1-dp-hard-02-v1,메아리가 같은 막,동적 계획법,fdacae1ad8376e467d1a36775cdf46de4fc74c5ec1b2807552a6dd9b04f27f60,TEXT_FIRST,그림 필요성을 추가 검토한 뒤 제작
basic-pool-v1-dp-hard-03-v1,두 점등사의 교대,동적 계획법,88b10c24eb2f5a232d3a3649da0d7efe1ba863aeb72f4f44905ee4d5166e51a0,TEXT_FIRST,그림 필요성을 추가 검토한 뒤 제작
basic-pool-v1-dp-hard-04-v1,기억의 가지를 남기는 법,동적 계획법,5ce1abe112297feabe8f761cd5fb5343373c5878d25efb1a275a1ee0f2588506,TEXT_FIRST,그림 필요성을 추가 검토한 뒤 제작
basic-pool-v1-dp-medium-01-v1,비상 전력이 남긴 사진,동적 계획법,3834817f18697e2d28edaa18cdad6acfd0ed4ea27d03a907758cde2d9a861e11,TEXT_FIRST,그림 필요성을 추가 검토한 뒤 제작
basic-pool-v1-dp-medium-02-v1,번역본에 남기는 침묵,동적 계획법,44e01cce7c52edcbce261da1f4923d61cf472e7874bcc3725feea5515b2a5ca5,TEXT_FIRST,그림 필요성을 추가 검토한 뒤 제작
basic-pool-v1-dp-medium-03-v1,닫힌 전시실을 한 번만,동적 계획법,e6f49995bdcc518241e629a06c6b9b854a53ce8afcf512691069d01509a6c181,REVIEW_NEEDED,격자
basic-pool-v1-dp-medium-04-v1,소리를 끊는 여러 번의 쉼표,동적 계획법,d081735a7fbf3d6e363f23103afbd1ab33f246564780e928e398a86ff1089719,TEXT_FIRST,그림 필요성을 추가 검토한 뒤 제작
basic-pool-v1-graph-easy-01-v1,발자국에 적힌 통행료,그래프·최단 경로,346dd4dd3116aba303f0a083d97cfc138ccbff01af9fff79dcd049bd0468d8e1,TEXT_FIRST,그림 필요성을 추가 검토한 뒤 제작
basic-pool-v1-graph-easy-02-v1,한 번 환승한 편지,그래프·최단 경로,7202e7fb161f3419184969caf43713b074b866cf803564d66885811b31ad47f0,TEXT_FIRST,그림 필요성을 추가 검토한 뒤 제작
basic-pool-v1-graph-easy-03-v1,왕복할 수 있는 주소,그래프·최단 경로,29984b99a84623ee5fcab086e4d59f2c690045690573497faa7ebad8f07e4d3a,TEXT_FIRST,그림 필요성을 추가 검토한 뒤 제작
basic-pool-v1-graph-easy-04-v1,두 정거장 사이의 동창회,그래프·최단 경로,3449fa63db001b6b3e6fff3fdd98819b2b57b2625eabdd770148595e674884b8,TEXT_FIRST,그림 필요성을 추가 검토한 뒤 제작
basic-pool-v1-graph-hard-01-v1,통행세를 기억하는 도장,그래프·최단 경로,ed46d4e81ce63aadc23e8e1edeb4c98c1ab4bafc3e854bf46b605597693775e1,ILLUSTRATED,규칙 검토 완료
basic-pool-v1-graph-hard-02-v1,시계가 다른 환승역,그래프·최단 경로,eb42431373200b647fe58a13406fc6866b00aa822e2c83ecf48e51172860de24,TEXT_FIRST,그림 필요성을 추가 검토한 뒤 제작
basic-pool-v1-graph-hard-03-v1,가장 빠른 길을 모두 지운 뒤,그래프·최단 경로,c572bc0bd0a8509bdd933da2a74365a2b3598e831fb7973b871e36d67c3a4878,TEXT_FIRST,그림 필요성을 추가 검토한 뒤 제작
basic-pool-v1-graph-hard-04-v1,끝없이 값을 깎는 도시,그래프·최단 경로,da0c4f716c83e9061fd06fed07afd835e7285daecd41d2764ace828c65e4a74a,TEXT_FIRST,그림 필요성을 추가 검토한 뒤 제작
basic-pool-v1-graph-medium-01-v1,통행료는 출발지에서,그래프·최단 경로,d30df0de2e462dfc154b279c8154c3fa8320b5e09019ab2cf6f670937c433851,TEXT_FIRST,그림 필요성을 추가 검토한 뒤 제작
basic-pool-v1-graph-medium-02-v1,역방향으로 읽는 귀가표,그래프·최단 경로,292e9085c131c4bb1a3c6ccf51c0b08c03d7af801ded29feee45b860bc6b87a4,TEXT_FIRST,그림 필요성을 추가 검토한 뒤 제작
basic-pool-v1-graph-medium-03-v1,한 번만 역주행하는 기록,그래프·최단 경로,00ade6ac695db7ff4d1078e8ad47e2c831f250ff070247a6f5967b8cb68a3d5b,TEXT_FIRST,그림 필요성을 추가 검토한 뒤 제작
basic-pool-v1-graph-medium-04-v1,환승 보너스 장부,그래프·최단 경로,760da61eeda1d93fb8932050dec4946751ffd45a48f079a45e3aba82c5279ce8,TEXT_FIRST,그림 필요성을 추가 검토한 뒤 제작
basic-pool-v1-greedy-easy-01-v1,끝나야 보내는 사과,탐욕법,53b3ebb470bd1218fed4990830e978ecc45f7b5f3c25b629059256ae7b026cd3,TEXT_FIRST,그림 필요성을 추가 검토한 뒤 제작
basic-pool-v1-greedy-easy-02-v1,접히지 않는 포스터,탐욕법,ec937d7cccb4596625c71b9b69ac1bbe5e800459bc1c8fb451ba080df7588f45,TEXT_FIRST,그림 필요성을 추가 검토한 뒤 제작
basic-pool-v1-greedy-easy-03-v2,바람을 가르는 두 악기,탐욕법,26ba8ff8c670e4d65a72f30bf824e8120e2c3d744fa3378a19dcbc4d74438c1d,TEXT_FIRST,그림 필요성을 추가 검토한 뒤 제작
basic-pool-v1-greedy-easy-04-v1,만들 수 없는 첫 눈금,탐욕법,44e777faea278c354d1885032ebfdc3fe55221e1ef60707306bca3e043dad9f0,TEXT_FIRST,그림 필요성을 추가 검토한 뒤 제작
basic-pool-v1-greedy-hard-01-v1,각 색을 약속한 연서,탐욕법,4ac8698d6ef63a8789daf531fafecdb5af56e7755b95b9bc7893df38f56c8b97,TEXT_FIRST,그림 필요성을 추가 검토한 뒤 제작
basic-pool-v1-greedy-hard-02-v1,여러 상영관과 빈 의자,탐욕법,e101717b74cf3b13fd18dd9e210815d38283c361b575dee5a7ca8810a463e768,TEXT_FIRST,그림 필요성을 추가 검토한 뒤 제작
basic-pool-v1-greedy-hard-03-v1,끝내지 못한 약속들,탐욕법,d51b8566c4cb682ca5f3e7b945bcf17869dd4b20ea9eb0f2d743a6bb50356499,TEXT_FIRST,그림 필요성을 추가 검토한 뒤 제작
basic-pool-v1-greedy-hard-04-v1,잃은 기억을 돌려주는 의식,탐욕법,514223771ad5399de53ca80b51633a7fd5dad21d28e1bf30cfc5edcaad51f125,TEXT_FIRST,그림 필요성을 추가 검토한 뒤 제작
basic-pool-v1-greedy-medium-01-v1,빛을 이어 붙이는 작업실,탐욕법,f8d00256b177931e8f9edc8b04658508951d38958ae0385b74d52f2c9517cef9,TEXT_FIRST,그림 필요성을 추가 검토한 뒤 제작
basic-pool-v1-greedy-medium-02-v1,배역이 바뀌는 오디션,탐욕법,ae4811320f53b77fd05521498112d1b3c459ea5e628a0f6e7dc215cd9cd1d44e,TEXT_FIRST,그림 필요성을 추가 검토한 뒤 제작
basic-pool-v1-greedy-medium-03-v1,불씨 없는 마지막 순회,탐욕법,c5557aa6475484179ab54ba1c95daf0d51634bfae876b7de65105b22d04949ec,TEXT_FIRST,그림 필요성을 추가 검토한 뒤 제작
basic-pool-v1-greedy-medium-04-v1,끊기지 않는 전시의 벽,탐욕법,67774a940c0dad5a9ff8dbd02ed1a4272e7b84e12edef693cb69679113078d0b,TEXT_FIRST,그림 필요성을 추가 검토한 뒤 제작
basic-pool-v1-mst-easy-01-v2,온실을 깨우는 선,최소 신장 트리,833eddc4771c0bb81252634eea91a12f3488e7c20c77e26f7191269faa61b4ad,TEXT_FIRST,그림 필요성을 추가 검토한 뒤 제작
basic-pool-v1-mst-easy-02-v1,유리섬의 마지막 다리,최소 신장 트리,b61fa228bc25ccf9e2b03688e588017dd4ef9e402bff98d7fd8d3029783181c9,ILLUSTRATED,규칙 검토 완료
basic-pool-v1-mst-easy-03-v1,꼬인 별자리의 길이,최소 신장 트리,8450d22c0455efd4d879d4b32d765654aabe1044a537a2ea486515c315fe632e,REVIEW_NEEDED,격자 / 좌표
basic-pool-v1-mst-easy-04-v1,재난 훈련의 가장 높은 수위,최소 신장 트리,3ed01e845d5ee4744637b1035f97197b8c7dc7101ea2a068ea658889107cc19a,TEXT_FIRST,그림 필요성을 추가 검토한 뒤 제작
basic-pool-v1-mst-hard-01-v2,딱 한 번 할인받는 설계도,최소 신장 트리,019684ef4c5358218895a03f36bd3d9c024c3efe5d37fef93306dfae7e05ec47,TEXT_FIRST,그림 필요성을 추가 검토한 뒤 제작
basic-pool-v1-mst-hard-02-v1,잉크가 마르기 전의 예산,최소 신장 트리,0cb1df8255156563b591dea003f991fff47d3ee747c1923d7a07154940f6ca14,TEXT_FIRST,그림 필요성을 추가 검토한 뒤 제작
basic-pool-v1-mst-hard-03-v1,서로 다른 방언의 통신망,최소 신장 트리,115b681d17d1521b6107f438b77eb766ba860a89254f57f4a50515f79d894a42,TEXT_FIRST,그림 필요성을 추가 검토한 뒤 제작
basic-pool-v1-mst-hard-04-v1,두 번째 설계도가 같은 값일 때,최소 신장 트리,bd163ac302488bfb061d387de1be31d1038e4432fc8a53abf4996f6286e2b4ce,TEXT_FIRST,그림 필요성을 추가 검토한 뒤 제작
basic-pool-v1-mst-medium-01-v1,이미 붙어 있는 천 조각,최소 신장 트리,0e603ca81dc2d221e415d45b9a464e2b312d3c1e21eba2c6c71d47c89630b071,TEXT_FIRST,그림 필요성을 추가 검토한 뒤 제작
basic-pool-v1-mst-medium-02-v1,빛을 나누는 작은 발전소,최소 신장 트리,8a21ee88eeee4678ad7776e4df4d1cd9558f100e21bfb2c8478be7214c6dcd17,TEXT_FIRST,그림 필요성을 추가 검토한 뒤 제작
basic-pool-v1-mst-medium-03-v1,닫아 두어야 할 통로,최소 신장 트리,ba2597da62a8868e06eb673387f5925b6ad2bf6906ed7513f5be7fab9d2609c4,TEXT_FIRST,그림 필요성을 추가 검토한 뒤 제작
basic-pool-v1-mst-medium-04-v1,서로 다른 구역의 비상벨,최소 신장 트리,6ae6676c5bfa4adb255e35a857307f8105c6287fea235431bf7b884db365df84,TEXT_FIRST,그림 필요성을 추가 검토한 뒤 제작
hybrid-check-117c9921-5666-492a-bae4-928b193e454f,박동 잉크판,너비 우선 탐색,9f559e46ce20bd87a172be37ab353e2a1c8453190fc6abd80d866ea56b667289,TEXT_FIRST,그림 필요성을 추가 검토한 뒤 제작
hybrid-check-395ef1c7-55ff-41f8-a257-89d03e1d3a05,드론의 배송 완료 시각,그래프,cd66f1ae74113b9c3b07536ec02c847bf384484a6f9da3911b6ad3329ab08e56,REVIEW_NEEDED,격자
hybrid-check-43424245-3a1c-4eea-8f64-c7d7ade126b3,회절 기록실의 잉크선,그래프,83db20d803f5b7c00514127842420c8087c895ac8c3d99dcd09d940bc0493aab,TEXT_FIRST,그림 필요성을 추가 검토한 뒤 제작
hybrid-check-61165726-47d8-4dcd-b8be-fb2460daa8e8,향기 활자실의 봉인,너비 우선 탐색,9e2402231a0e431c98ff6631c9aca1884af092c229bb9c0edfd93628c325da43,REVIEW_NEEDED,격자 / 상하좌우 / 다리
hybrid-check-64dbb7b4-5b27-4e29-ba79-f8a3df5a44fd,구름극장의 후광 필름,기초 자료구조,48a8270b6afed7f2aba13fa4d1576282a9f983217c840a68858ab8bf2334d139,TEXT_FIRST,그림 필요성을 추가 검토한 뒤 제작
hybrid-check-8ac98d91-ce85-473d-9a08-088f567793e2,구름 유리등의 빛 맞추기,수학,49c51b2833ebaa4061a87521a1205775b92ce90b8287f5e201c4ee8388a2d42a,TEXT_FIRST,그림 필요성을 추가 검토한 뒤 제작
hybrid-check-9b2da2a7-ba49-4fbb-bd04-143ab2f574ec,별무늬 띠의 흔적,기초 자료구조,14a03a60175ef5a770df5ac9180044a34ad554706b08fc0e5433a89fa685403a,TEXT_FIRST,그림 필요성을 추가 검토한 뒤 제작
hybrid-check-d7eed6d8-1497-4315-b39f-ae0259bd9f2a,잔광 표식의 귀환,그래프,dce0fb06de94d73aa92625ea6dc978c5c0fcf79a802d958a7c1fc3fae6ef86a6,TEXT_FIRST,그림 필요성을 추가 검토한 뒤 제작
hybrid-check-d90f544a-0d8c-4d7b-83a8-698e949be29d,음각본의 도착 시각,그래프,7e0e4129a5ad3cd7a36aa1cd88f35117da25856238a09b816b5e767710515c99,REVIEW_NEEDED,다리
hybrid-check-dd6a8277-2a81-4d82-bed3-1cbb81669235,공명 조각의 연결 기록,동적 트리,b3b018b32e25ecaef5865c3608637d42145d9e2c341b3701921675b96b327120,TEXT_FIRST,그림 필요성을 추가 검토한 뒤 제작
hybrid-check-fdd99c05-3dbc-42d4-8d64-ccc1e782b86a,돌아가는 차원 요새,그래프,8a80a95a51ab7fb3776e78ec0c5d00e6aac543ca26c07f9beddbb729102d0b22,REVIEW_NEEDED,좌표 / 다리
iamywl-v1-002d800981f7ff2d,아린이의 지하철 환승 최소 시간,최단 경로,17145f8e8aa78e90144082e230e07042cd5a002ee2889aaaa920ca7d20ea1d3a,TEXT_FIRST,그림 필요성을 추가 검토한 뒤 제작
iamywl-v1-00643b417b0d9120,이중 우선순위 큐 커스텀 구현,큐,0159818e0c72b22bfd257f44df198a04220ddf404cfaf4949ff67e0e46e4803c,TEXT_FIRST,그림 필요성을 추가 검토한 뒤 제작
iamywl-v1-0179b1a13655d097,경로의 개수 찾기,깊이 우선 탐색,81841d04aeee60209475bfab99014778b542925f84677985523f856d015964b5,REVIEW_NEEDED,격자
iamywl-v1-01f1d8857cbf9e20,퀵 정렬과 피벗 분할,정렬,3acd2959864f07a738f12fd496d2662164e2d26203ca3c1e586589b556e459f7,TEXT_FIRST,그림 필요성을 추가 검토한 뒤 제작
iamywl-v1-02b3152929110222,서아의 중첩 괄호 트리 파싱,재귀,6d709a2942e45506d778c368ba744dd2a246bf9fba3e584fa888772baa256d2d,TEXT_FIRST,그림 필요성을 추가 검토한 뒤 제작
iamywl-v1-03112554355f104a,비내림차순 수열 생성,중복 조합,507cca689a0e2906aaf40945a19564d503c9189f5c3e635d754c75d7a42cc767,TEXT_FIRST,그림 필요성을 추가 검토한 뒤 제작
iamywl-v1-04ce97c3c8ffc3db,유준이의 식재료 궁합 부분집합,부분집합,b50c8daca71b3abbafcb2c7e9c5cf5918da1d8b03a76a185ffadd0e75089bc4b,TEXT_FIRST,그림 필요성을 추가 검토한 뒤 제작
iamywl-v1-061e08a5ff761efd,도심 스프링클러 최적 감시 배치,조합,59fa76e51707b3a603ba76f6f1e3ff5e7fa782e249a65bbe1863ff1da0909d1e,TEXT_FIRST,그림 필요성을 추가 검토한 뒤 제작
iamywl-v1-06471ed6743e73bf,임계 경로 최장 소요 시간,위상 정렬,b23c31e09d24d9598e62e8c16008cb1e0ab0606184bb372c759e2bb372350aed,TEXT_FIRST,그림 필요성을 추가 검토한 뒤 제작
iamywl-v1-0817261cc41a9cd6,디저트 선물세트 궁합,조합,06da226fbb8673ddc6c529b5fc3cbbe1e332c8979dc69dcb0947af139eaa8eaf,TEXT_FIRST,그림 필요성을 추가 검토한 뒤 제작
iamywl-v1-093e0ebb35145b10,사전순 가장 앞선 위상정렬,위상 정렬,0af51dfe20310d127caf63d82101b42fa8b1cb6b6108f252d61d62528c14f3d6,TEXT_FIRST,그림 필요성을 추가 검토한 뒤 제작
iamywl-v1-097d2d356265c140,연결 컴포넌트,깊이 우선 탐색,ea7d91ebc5595fafe062977c55d1ffbf94171e9a99e357ccb9d178979f91df70,REVIEW_NEEDED,격자 / 좌표
iamywl-v1-09b65081d988cb5a,하준이의 두 용액 합성 실험,두 포인터,3aba28858559dac1d972c477249a759efdd98bd5c162f8ca7adf15463dfd494f,TEXT_FIRST,그림 필요성을 추가 검토한 뒤 제작
iamywl-v1-09b9674b8059890e,원형 순번 추출 요세푸스 - 백준 1158 기반,큐,5e7160febe811b736c5afb17d54be2ea17f7bcd99b314843732bf4992c5f68c4,TEXT_FIRST,그림 필요성을 추가 검토한 뒤 제작
iamywl-v1-0bcc8c67fabcb163,거듭제곱 연산,분할 정복,023d2fcee9d86f68dc6bc2a607fe8702fde6df2a17d5fb97b687cefc3d91b59a,TEXT_FIRST,그림 필요성을 추가 검토한 뒤 제작
iamywl-v1-0c2a18edbc8218b9,2진수 모든 비트열 생성,중복 순열,82f8f9fbb9024851460597762d0b34baf9f49473c67cfebad7a529bae377197e,TEXT_FIRST,그림 필요성을 추가 검토한 뒤 제작
iamywl-v1-0c468772cccdbfa4,유클리드 최소 신장 트리 좌표계,최소 신장 트리,0fd2fc49cf21a3aa82cb743ad5237138f7456d2edbbfcb4657529aac1a3a716a,ILLUSTRATED,규칙 검토 완료
iamywl-v1-0c77e5f8d9c1586d,최소 신장 트리(MST)에 대해서,최소 신장 트리,76cc8f03fdaad61030c549456ccb0fb3b670779f2e38566661399fd4036e82c2,TEXT_FIRST,그림 필요성을 추가 검토한 뒤 제작
iamywl-v1-0cda948b28383847,부분합 최소 길이 구간 탐색,두 포인터,f5ae2359a0af1481ec3697b4cfb46cb1e08bd8a11748fe4a4017ce9632e2f09f,TEXT_FIRST,그림 필요성을 추가 검토한 뒤 제작
iamywl-v1-0d14a02045e8bf29,나은이의 토마토 농장 동시 확산,너비 우선 탐색,d3d214f2f37f6f2b97f4473967e49265ee91c13149d8623a744cd807779358f0,ILLUSTRATED,규칙 검토 완료
iamywl-v1-0df8c15117762ee1,요거트볼 토핑,부분집합,5d04a48484b7acb1d09adb2fcef896c5bda3b8d18c1d6a4032caff52f52223ee,TEXT_FIRST,그림 필요성을 추가 검토한 뒤 제작
iamywl-v1-0e437c099eefe399,중간 노드 찾기,연결 리스트,079932f87010df8874dd13404480fec53c5a3040a3330e303166e86e7ee0578a,TEXT_FIRST,그림 필요성을 추가 검토한 뒤 제작
iamywl-v1-0e6ef3ae085abbc4,치즈 외부공기 녹이기,깊이 우선 탐색,a75a7bccf0bbcd3bbf0499a6447e864de8727cc23d817a09467d4a3390fe412c,TEXT_FIRST,그림 필요성을 추가 검토한 뒤 제작
iamywl-v1-0eb44a4694e63e51,스택에 대해서,스택,293f8b53597dbea379bfcf92c69f401459aed12c7e2c567af96c14e699ca9358,TEXT_FIRST,그림 필요성을 추가 검토한 뒤 제작
iamywl-v1-1097ec76e46bef80,사전순 가장 앞선 순서,위상 정렬,b95af7865d71bd0db88ed860e1e911f92c476e3cbcbcaf2c8a7724660f5b53f3,TEXT_FIRST,그림 필요성을 추가 검토한 뒤 제작
iamywl-v1-1118400bbcf53938,재귀적 거듭제곱,재귀,50590bf13286c0521bb1e50847cfb748bfe98143b6e1c2ac1df3838034cd8a90,TEXT_FIRST,그림 필요성을 추가 검토한 뒤 제작
iamywl-v1-1149c4b4341dd03a,하준이의 Z모양 탐험,분할 정복,aa3e754be985f172471ef0a953b7c2a329781e74c75feebe2482d8ee0cbf2781,REVIEW_NEEDED,격자 / 좌표
iamywl-v1-1189e96d5cd65829,원소의 합 균등분할,부분집합,8f6067dcd7682d8a09bf17b68c63def8292d878f05976554cbadc466b6341ab3,TEXT_FIRST,그림 필요성을 추가 검토한 뒤 제작
iamywl-v1-11e63118e20169e9,순열에 대해서,순열,43433a209a32840668220a6a8099d56471365f41b37ebf7bd6dd3326a743d426,TEXT_FIRST,그림 필요성을 추가 검토한 뒤 제작
iamywl-v1-1260efae046e8c13,은우의 물류 트럭 적재,탐욕법,e50c3dbec7c4342cf905de9f2f4b13bdef01a3d78ba7ba8f0c247fea66ae142d,TEXT_FIRST,그림 필요성을 추가 검토한 뒤 제작
iamywl-v1-1261542665d54169,멀티태스킹 CPU 라운드로빈,큐,bcf8cfbbaaf16fa146ed97e68522fdbb1e4dfcecfc249c649967e93dce317832,TEXT_FIRST,그림 필요성을 추가 검토한 뒤 제작
iamywl-v1-12779942b09de850,행렬 곱셈 순서 최적화,동적 계획법,63fd0ba84204014f0a7147fdbea75e4b626dabebe576c1c1ec4be0b17ff534d5,TEXT_FIRST,그림 필요성을 추가 검토한 뒤 제작
iamywl-v1-129446be8192d867,보석 상자 질투심 최소화,이분 탐색,c3bf9deb73c36c54fee2bfd02f9aefce19302a2cd5cba7e3898b75927316aed9,TEXT_FIRST,그림 필요성을 추가 검토한 뒤 제작
iamywl-v1-136ef6cf5323ee9d,하노이의 탑 이동 순서 - 백준 11729 기반,재귀,e0ffdf0f44b814f6e4be4a31f7e0941c68170ee3af2d05f281354b475562f08c,TEXT_FIRST,그림 필요성을 추가 검토한 뒤 제작
iamywl-v1-1395c3e82ab43add,연구소 보안탈출,너비 우선 탐색,8d0e44db81db4d00ad4b2ac2e567844265117db39fa41470663c31626f787844,REVIEW_NEEDED,격자
iamywl-v1-13ca8ca920a29020,나은이의 집합 연산,서로소 집합,3df06f7b3177b4b4a4a1fd702fd508777668b3c2a767e7da548b3aeb9a226bc1,TEXT_FIRST,그림 필요성을 추가 검토한 뒤 제작
iamywl-v1-14478f659fe30b09,이진탐색트리 범위합,자료구조,e2fefa8c213a6a31d238d997b0b8dda8440079bc587c8d5979caa59e70b2880a,TEXT_FIRST,그림 필요성을 추가 검토한 뒤 제작
iamywl-v1-1771ec67be32d21a,강의실 배정 우선순위큐 최소 강의실,탐욕법,7583b8204f74555c4e09ad40d3230a69a67115eea024fe55f917f6d79bf0bf9c,TEXT_FIRST,그림 필요성을 추가 검토한 뒤 제작
iamywl-v1-188ca37fe77f5929,1로 만들기 최소 연산 횟수,동적 계획법,31bbdf757d2b6397012ad983b085c1d241d3f3470348dcbc28ea3794bbe92ae5,TEXT_FIRST,그림 필요성을 추가 검토한 뒤 제작
iamywl-v1-189d92cafabee265,서로소집합에 대해서,서로소 집합,c82f38834155ed1c811bbb8067507b529c29557eb17e792abfc266682c3738da,TEXT_FIRST,그림 필요성을 추가 검토한 뒤 제작
iamywl-v1-1940d7324e5ca63d,오큰수 수열 탐색 - 백준 17298 기반,스택,2411c3809e9d41617f9f8a5e533fcdb7d20586b43fc385f9d64e1d32cc566c54,TEXT_FIRST,그림 필요성을 추가 검토한 뒤 제작
iamywl-v1-19504ba049be445e,Upper Bound 찾기,이분 탐색,fdfc82375f19c68b130ea12ac7167f2c492cfde3b661d18cc4a3c0483be957a0,TEXT_FIRST,그림 필요성을 추가 검토한 뒤 제작
iamywl-v1-19960f0744a5c4b8,시우의 숫자 카드 최대 차이 수열,순열,123afcd2b89102ddc27e46174f8117dbbcacce15871ed19f049d8ca7521023c3,TEXT_FIRST,그림 필요성을 추가 검토한 뒤 제작
iamywl-v1-199db754a4b02d44,최단경로에 대해서,최단 경로,6dc0afd3ab9750c17844bf848009911baaaf6c8d29c0efbe48c89fcd02362d1e,TEXT_FIRST,그림 필요성을 추가 검토한 뒤 제작
iamywl-v1-19e7cbe26555964a,디지털 도어락 비밀번호,중복 순열,47cbdbefd79e3eb51e2c54dc7151e6211bf20991a00908527a0a95d57e3a26c4,TEXT_FIRST,그림 필요성을 추가 검토한 뒤 제작
iamywl-v1-1a31c6e982393f08,,슬라이딩 윈도우,9ac8bc142ed15a33b33a4f91bc9e1a26671bd468f59419f4f9489d43a3ba937c,TEXT_FIRST,그림 필요성을 추가 검토한 뒤 제작
iamywl-v1-1a49feb62f2531f9,도윤이의 마블 트랙 레이스,덱,be99b5328e5ee62a6e54528b8b6a9bf291acbb288a09797d5b62078ade13f6fe,TEXT_FIRST,그림 필요성을 추가 검토한 뒤 제작
iamywl-v1-1abfe51a446115ba,알파벳 단어 만들기,순열,d8ce742f4542d559c697f8c830f5f9de77c242ea6f4068e1aad9da62c4fc7554,TEXT_FIRST,그림 필요성을 추가 검토한 뒤 제작
iamywl-v1-1b3222c10d9449cb,오프라인 쿼리 간선 제거,서로소 집합,f26c1d8717230caead7654d87ffd726ea1e3d62407da4b0b18210f901d8a20da,TEXT_FIRST,그림 필요성을 추가 검토한 뒤 제작
iamywl-v1-1b82f61518cb1f4d,두 리스트 병합,연결 리스트,b2fcf23a2e116c3706894ba54caa618fcbb61217beeccfa674495633db3b6a99,TEXT_FIRST,그림 필요성을 추가 검토한 뒤 제작
iamywl-v1-1bd2b920953289b3,양방향 숫자 캐시,덱,dec3be64ed1a07ab12d2859ac55a2366b43b15531c54aa19ff0e4eddca8abe41,TEXT_FIRST,그림 필요성을 추가 검토한 뒤 제작
iamywl-v1-1bdc2540a4aee698,모든 가능한 위상정렬 유일성 검사,위상 정렬,914dcc6663db0bb3f1ae427155eff049f55944d4ccdf0fc1b155fae83e55c794,TEXT_FIRST,그림 필요성을 추가 검토한 뒤 제작
iamywl-v1-1d583a65b2ca6d25,로운이의 포켓몬 카드 세트 수집,슬라이딩 윈도우,253599329016ea1c40293caa4eebd4b4fd1d6fb7353cb16b7961d7b1f2b04e36,TEXT_FIRST,그림 필요성을 추가 검토한 뒤 제작
iamywl-v1-1d6b3ff6ce949816,서윤이의 왕복 파티 최단거리,최단 경로,2bb64d277f6549bd3af5fafdbe6fbf1d4a1b17bc46d84f6b9584ee2604f6a30d,TEXT_FIRST,그림 필요성을 추가 검토한 뒤 제작
iamywl-v1-1ec45ee7c612e4cf,,서로소 집합,92acf1cccbd9a3de11579c5a8ee9bfcd69315a63a9764cb9804f944cd9e316d8,TEXT_FIRST,그림 필요성을 추가 검토한 뒤 제작
iamywl-v1-1eff405ff10f9255,배열 역순쌍 카운팅 머지소트,분할 정복,31a507a3548972e025e006e0f52eb59056d70dd0a9851c5c202f271514874809,TEXT_FIRST,그림 필요성을 추가 검토한 뒤 제작
iamywl-v1-1fb587acfdc769fb,유준이의 종이 자르기,분할 정복,eebd2fa8377073061b0c0c66cbbe13500b5da8375fed99d7151e899b2340501e,TEXT_FIRST,그림 필요성을 추가 검토한 뒤 제작
iamywl-v1-1fc61cccf2e46623,로운이의 거짓말 파티,서로소 집합,ea44966614717823ef986b27a8d0e54bb3678e6f4b0f53d8d39cdc27616a5e35,TEXT_FIRST,그림 필요성을 추가 검토한 뒤 제작
iamywl-v1-1ffd432cf278ce88,다익스트라 최단경로 역추적 복원,최단 경로,692741c8bba38fc1334be83b20eaee992146c1359f823b7d50b066b7b9c1725f,TEXT_FIRST,그림 필요성을 추가 검토한 뒤 제작
iamywl-v1-202dc14f28637b2b,두 노드의 연결 여부,서로소 집합,0864c2c265199709e3d62ce9d4aaa43cd5a334e653507c14d41659c654668c27,TEXT_FIRST,그림 필요성을 추가 검토한 뒤 제작
iamywl-v1-20b6b06a3a2a6436,카운팅 정렬 기초,정렬,a4267f902c8a4f5ab80010ef68d1bcbd1177e322e8658ba4d8ce202876aaef2b,TEXT_FIRST,그림 필요성을 추가 검토한 뒤 제작
iamywl-v1-210e168065f13898,힙 정렬과 우선순위 큐,정렬,cf0a034316af07be522b260f3d0ba22e16da7c9d698de9275a614563a4dcced8,TEXT_FIRST,그림 필요성을 추가 검토한 뒤 제작
iamywl-v1-2231d9cdc31225b2,동전 교환 경우의수 무제한 배낭,중복 조합,3b096c9d3ea9a2380d0d1bb8ea9a35fc4ed3ae7e9ab55a50f9a17feac6799ffb,TEXT_FIRST,그림 필요성을 추가 검토한 뒤 제작
iamywl-v1-22b94e33d994aa40,CCW를 활용한 선분 교차 판별,기하,6efc6a166471e22b7149620b5b637bb1f3fc9d8b8cb441a546078e1d71a514a0,ILLUSTRATED,규칙 검토 완료
iamywl-v1-23fa688894f7b54c,아윤이의 계단 오르기,동적 계획법,ea6b8d0590ccb04df74a152f0dc131a4a32082f9d041222d1ffaca9147b4132f,TEXT_FIRST,그림 필요성을 추가 검토한 뒤 제작
iamywl-v1-241bfb705697b488,작업 순서 결정,위상 정렬,d85d4357143b0c48542e7f60e78363efa95e4805c9c8e28d8a8e73c894ade42d,ILLUSTRATED,규칙 검토 완료
iamywl-v1-26f6c996b9abfcf2,허프만 인코딩 트리 구축,탐욕법,00e41d202603f90e5d90b64c497fe4c0ca33e2297e1e4695c44589ab2148bf23,TEXT_FIRST,그림 필요성을 추가 검토한 뒤 제작
iamywl-v1-27283786dd78cbfc,은우의 프로젝트 태스크 스케줄링,위상 정렬,dc3185c690534ca13b62b02ef3117fb94dd496dc806504a49c0ebac76cf01a5f,TEXT_FIRST,그림 필요성을 추가 검토한 뒤 제작
iamywl-v1-27f82b113bcd3b40,사이클 존재 여부 판별,위상 정렬,736766043c3e186038b6e80021b444a94fefa0833247172298cc0e7d95c6c3c2,TEXT_FIRST,그림 필요성을 추가 검토한 뒤 제작
iamywl-v1-28406c7192debdc4,지아의 신입사원 선발,탐욕법,4bfb3005733ca080b17b202d2637fecefe163247c41fef665670b70543f67bfd,TEXT_FIRST,그림 필요성을 추가 검토한 뒤 제작
iamywl-v1-289b72df7eae019c,바이러스 확산 시간,너비 우선 탐색,b53af2d657a5486a588d7361e6fd8a9e06a494b98409ddd5593fc219106509d8,REVIEW_NEEDED,격자
iamywl-v1-2a001e4bc7ba1e18,서윤이의 회문 유사 문자열 검사,두 포인터,7119bccf2bcbf50dc02ef330888cf36daa7eed23af4374816f9205aefdd64cec,TEXT_FIRST,그림 필요성을 추가 검토한 뒤 제작
iamywl-v1-2a0c7f64291da92d,서준이의 부분수열의 합 경우의수,부분집합,567930a9b22cfe794d92a1fd42c465b9d8c9d47b4283658d7ba84428cf82ded6,TEXT_FIRST,그림 필요성을 추가 검토한 뒤 제작
iamywl-v1-2ac64f6ae6a61a9d,시우의 랜선 자르기,이분 탐색,fa04ccf9b361164c648b4bfdde8d85f86fa13b0633ca7d3794ab88405d5c9764,TEXT_FIRST,그림 필요성을 추가 검토한 뒤 제작
iamywl-v1-2ba1257a46316e1b,연결리스트에 대해서,연결 리스트,f291927675ce08cbcbd4611c984c37e80b3157483559d388b461aeab2a618607,TEXT_FIRST,그림 필요성을 추가 검토한 뒤 제작
iamywl-v1-2c6b7f10a64c0952,색종이 쿼드트리,분할 정복,dd16f88257c9ce757847a984caeb7819a66a10baa7d6c28fb0fb0058ebcb8245,ILLUSTRATED,규칙 검토 완료
iamywl-v1-2c6d7f685d2f747b,네트워크 유량 에드몬드-카프,네트워크 유량,27502a7a3bc395dd95b38cb976185955fb8a888f50ad325eda542a229544a792,TEXT_FIRST,그림 필요성을 추가 검토한 뒤 제작
iamywl-v1-2e6324e6048bb564,도윤이의 알파벳 단어 사전순 나열,순열,227d4c7e52180a448da668c22a88d3c5f5993160208cf4a92d4dd81ea4707e3c,TEXT_FIRST,그림 필요성을 추가 검토한 뒤 제작
iamywl-v1-2f2cbb268e71bd67,수강 가능 여부 체크,위상 정렬,318df07980e871d5f7bf0ed37a9547484c2de18ca92e1a6afeafac059c7eaf4f,REVIEW_NEEDED,선수과목
iamywl-v1-2f9f35e9a457e6df,고정 구간 최댓값과 최솟값,슬라이딩 윈도우,cd89e24deb3af88e724608ee3a74ac71e63506e0fee64d78f08ffddedfcf3bbd,TEXT_FIRST,그림 필요성을 추가 검토한 뒤 제작
iamywl-v1-30713dcfdacdf347,나은이의 기차 놀이 재배치,연결 리스트,953095db9f35410674973c44bde42d29502426d7f480c02820e7bcf8eac739b9,TEXT_FIRST,그림 필요성을 추가 검토한 뒤 제작
iamywl-v1-3087163a2da93a04,이준이의 RGB 거리 최소 비용 칠하기,동적 계획법,dbea8b67af6200205dd6f102226199d5d48b7aeb29774796f5e6c4a0eed38c31,TEXT_FIRST,그림 필요성을 추가 검토한 뒤 제작
iamywl-v1-30a8f98982fba783,Lower Bound 찾기,이분 탐색,65098c33c2e4367005060db49c056a4a693e980496e2776aacfa45dcb421c891,TEXT_FIRST,그림 필요성을 추가 검토한 뒤 제작
iamywl-v1-3283fe9eb934de40,두 수의 합 쌍 찾기,두 포인터,0e3b5190d6700fa957ff131bd43dd4a344a14573363994b4386cf62a8d7306e7,TEXT_FIRST,그림 필요성을 추가 검토한 뒤 제작
iamywl-v1-3484c4294ae70651,LRU 캐시 구현 DLL 해시 연동,연결 리스트,67ba664393e353886e4d354962bc5f069a8a782d2bb7b4c65874ccd5e3005c4b,TEXT_FIRST,그림 필요성을 추가 검토한 뒤 제작
iamywl-v1-361481e2c52fb00d,퀵셀렉트와 K번째 작은 수,순서 통계,4ef599fbba0b77665d44d01179bbb13000b05e2b2bf3180f26a2af1a2ef34b35,TEXT_FIRST,그림 필요성을 추가 검토한 뒤 제작
iamywl-v1-36df354e9ad4d77f,풍선 터뜨리기 - 백준 2346 / Deque 기반,덱,2bbbbd669d0fd9e98670ef3803efb9f19f3bba63235e14d06be365fc9e53641d,TEXT_FIRST,그림 필요성을 추가 검토한 뒤 제작
iamywl-v1-38300d813821b3a2,숫자 카드 개수 카운팅,이분 탐색,463a11acc4c7cc20d7a850cae1c5a79a1eef50cba9a56367bfb0db9109ebd00b,TEXT_FIRST,그림 필요성을 추가 검토한 뒤 제작
iamywl-v1-39315a5c21822edc,플로이드워셜 기초,최단 경로,77909960b8fd0c2767dd11ea26802b25ed45e85cb89d2828085157eac291c826,TEXT_FIRST,그림 필요성을 추가 검토한 뒤 제작
iamywl-v1-39a306d6a44f1a92,우주정거장 터널 연결,최소 신장 트리,70a4d7d909068cb1ff3d58246055f041f62226c207b62e41caa4ba8e1cf95a85,REVIEW_NEEDED,좌표
iamywl-v1-39b352b080407637,크루스칼 알고리즘 기초,최소 신장 트리,d54bf436535563e6d6223c355bde9f7fca9d92d1d11a52d68f1064557ef3b478,TEXT_FIRST,그림 필요성을 추가 검토한 뒤 제작
iamywl-v1-3a62ae98ab577603,포함배제의 원리 상한 제한 중복조합,중복 조합,c022a3d7c606c2236b405f69baaef8e7befc078be18b8d19c38389ca1e946699,TEXT_FIRST,그림 필요성을 추가 검토한 뒤 제작
iamywl-v1-3b190e4ffff43f00,두배열 합의 K번째수,이분 탐색,429cf904a03f929d61ecc1d0ac8a5bbd66b6688eda5b039c2dd968793a214f62,TEXT_FIRST,그림 필요성을 추가 검토한 뒤 제작
iamywl-v1-3b23695a00e40ad8,별찍기 프랙탈 카펫 격자 생성,재귀,a123031d2f44576cf96f05aa1fa17205787a33a120cfe4bf2d4de79617933f08,REVIEW_NEEDED,격자
iamywl-v1-3d2b15cb2291497e,단지 번호 붙이기,깊이 우선 탐색,1ba8b1f03ea458372ca141301c027de5c724e0118d8cf3698f6ae6adb631a9fd,ILLUSTRATED,규칙 검토 완료
iamywl-v1-3d81c2edb5f8ef10,최대 부분배열 합 카디널,분할 정복,105d302496232665834020c8666fb8efff9d799e297beb024f952b046ac2c826,TEXT_FIRST,그림 필요성을 추가 검토한 뒤 제작
iamywl-v1-3e6a50e299aa2c61,타일 색칠 이분그래프 판별,깊이 우선 탐색,5d0c291fab2f73b4a67f04ae482c241a19b12d0d9dfe4590448b59de85015f20,TEXT_FIRST,그림 필요성을 추가 검토한 뒤 제작
iamywl-v1-3f344754e245758f,하노이의 탑 K번째 이동 추적,재귀,e95d316a2bfd1b6c4a8450a0d63ab72bd8f0e50d7f2256370878c8a115af66d6,TEXT_FIRST,그림 필요성을 추가 검토한 뒤 제작
iamywl-v1-3fa04ffcfaacf8a1,지아의 은행 창구 시뮬레이션,큐,bb2c989efa8821ebeb0155874a5ecb0b2c91f1cc871a4f313e7100ad6671f121,TEXT_FIRST,그림 필요성을 추가 검토한 뒤 제작
iamywl-v1-3fe42aa3cfce4fd0,수열 구간 차이 모노톤덱 최적화,덱,090b443aea3e76b49dbe71fde27f0aac4fdd363248b7c45286dff0d6f006cac6,TEXT_FIRST,그림 필요성을 추가 검토한 뒤 제작
iamywl-v1-4033ef0d37f4c877,후보숫자 비트마스킹,부분집합,fda544869d34d5b798bfe53f8d554f5e609d732c1332ee7558c02ec1ce083e9a,TEXT_FIRST,그림 필요성을 추가 검토한 뒤 제작
iamywl-v1-413eb0e8c6b9f405,KMP 알고리즘을 이용한 부분문자열 탐색,문자열,b270f107a4e4a3679de07d32cf0ea3203e3c7e6cc32967692cc160db4a9c7d23,TEXT_FIRST,그림 필요성을 추가 검토한 뒤 제작
iamywl-v1-41a9ebad512ad7b8,하윤이의 수도관 파이프라인,최소 신장 트리,455eabd523345aff1d69656e732c6e1e029f149da174a0953c35a2454819fec9,TEXT_FIRST,그림 필요성을 추가 검토한 뒤 제작
iamywl-v1-42a4dd79444d4254,두 팀으로 나누기,조합,0976708d2427845d95dc4e126d458c4c74291b54f23b7870fa12ea160f88fd35,TEXT_FIRST,그림 필요성을 추가 검토한 뒤 제작
iamywl-v1-42c8ba11c4331587,하준이의 특정 경유지 최단경로,최단 경로,9b24ad2f37df43e4be9f692c8d3a202978c6c1cae50e312db023f8f7c20007ff,TEXT_FIRST,그림 필요성을 추가 검토한 뒤 제작
iamywl-v1-4328913067cb7c9e,시아의 단지번호붙이기 영역 탐색,깊이 우선 탐색,3cf61d6749d0a1bc1e34de8f8337500b865781b3d601796bb0abe6528e43e2cc,TEXT_FIRST,그림 필요성을 추가 검토한 뒤 제작
iamywl-v1-451df81795f00350,배열 최대최소 동시탐색,분할 정복,ec35fbb7d77404d1ac643c351575aee2211dd4b5eed03d04ba2ab63202a58b33,TEXT_FIRST,그림 필요성을 추가 검토한 뒤 제작
iamywl-v1-463973bf07815f2c,서윤이의 스마트시티 전력망,최소 신장 트리,f464cfecf92f779e8c637d7b6fdcf60f257c64a414c04eda4ad3c3a66d031eb5,TEXT_FIRST,그림 필요성을 추가 검토한 뒤 제작
iamywl-v1-46f4d9fef923b4b3,다항식 항 생성,중복 조합,83f21e6aeec8bd4a3c1fcbac6d043bf57c3f6b24cea2e1eceda62d2cba40083f,TEXT_FIRST,그림 필요성을 추가 검토한 뒤 제작
iamywl-v1-475d404de7ba5e01,아린이의 비밀 동아리 연합,서로소 집합,c87e3662979618ca766cd641d9f5e483b604826c1ff8cb98755ce5ec5068dd4d,TEXT_FIRST,그림 필요성을 추가 검토한 뒤 제작
iamywl-v1-47ccc8885d1e250d,시우의 스낵 예산 맞추기,두 포인터,56aa086b76ebf176a3f1422ada422f62a5603c20a1f16b20fefafc1c1669c971,TEXT_FIRST,그림 필요성을 추가 검토한 뒤 제작
iamywl-v1-481d36aa53e5e8fc,주유소 최소비용 이동,탐욕법,888a0d305b14b76a98e276d35e8a8dc132b358e901f36954eb5b9674e7d81448,TEXT_FIRST,그림 필요성을 추가 검토한 뒤 제작
iamywl-v1-49026de75b8220ed,유준이의 계단 오르기 경로 탐색,재귀,b096b2363ab3fab148d263eac14bb0262bb0d49146363b09372e6e0aacfa24ba,TEXT_FIRST,그림 필요성을 추가 검토한 뒤 제작
iamywl-v1-496a82d02ed35246,Z 공간 배열 재귀 방문 순서,재귀,45c4c704660caf5ea69ad25ac730cdd5a3d208fde165585d13552e5bacee5997,REVIEW_NEEDED,격자 / 좌표
iamywl-v1-4ad83ad5e2d3cd99,팀 대표 선발,조합,08cc52a745b6ac3e22a3e9eb2e67ab463b9e16f16a3ca037cf9e37f0a4f35b03,TEXT_FIRST,그림 필요성을 추가 검토한 뒤 제작
iamywl-v1-4bbf50c9f571c8f5,특정 경유지 왕복 다익스트라,최단 경로,6eb87ed14593ec5c24eb69b200b407bb4078b9bfe9849bf79d19c16ffa3bcee7,TEXT_FIRST,그림 필요성을 추가 검토한 뒤 제작
iamywl-v1-4e4c4cf3e41265d3,N Queen 배치 최적화,중복 순열,ba5f247d1d167764ccef1783a350f955b5850a247d97334b51238d1d1055d3f8,TEXT_FIRST,그림 필요성을 추가 검토한 뒤 제작
iamywl-v1-4e6bb8bfa44675ad,신호등 점등 패턴,중복 순열,de02f197b96e05736debd75eba6878346e2497da841fe5f528eb4c37b0123a4d,TEXT_FIRST,그림 필요성을 추가 검토한 뒤 제작
iamywl-v1-4f36f5c843e9bba4,단순 활동 선택,탐욕법,d6e77ec29ff2b68fe227769840db84c070b112ad2df9184dd1bca531422d15fd,TEXT_FIRST,그림 필요성을 추가 검토한 뒤 제작
iamywl-v1-4f930515a5c08be8,노드 역순 뒤집기,연결 리스트,98a56c2641dee3716e42f53c89631a0b99c668144c67ccd4e8d386abf85bf3e2,TEXT_FIRST,그림 필요성을 추가 검토한 뒤 제작
iamywl-v1-4fc70d78db62f9d8,연속된 자연수의 합,두 포인터,0cd4b6495c7678e1feebb617bc84f7632c35774a990168752e6fbfa6f23b2c7e,TEXT_FIRST,그림 필요성을 추가 검토한 뒤 제작
iamywl-v1-5054378996f4336f,보석 도둑 우선순위큐 최적화,탐욕법,8c8f366cb233d75588acc332818bb68a4033468f738948ac7ea3f6477be60c8e,TEXT_FIRST,그림 필요성을 추가 검토한 뒤 제작
iamywl-v1-51912a6d705b2613,커서 기반 초고속 텍스트 에디터,연결 리스트,63b6dc576e55029ebc3c4f80a824b6bf04ed9c1dd2f2b2f4421828d4b60982e8,REVIEW_NEEDED,커서
iamywl-v1-5207a57775de6e8b,ACM 크래프트 건물 건설 시간,위상 정렬,d2220b2c51ff9a0518a5cbd0ab58d9b2d784c729aa29a1e1fc674673b03a3f76,TEXT_FIRST,그림 필요성을 추가 검토한 뒤 제작
iamywl-v1-52cc8cba8892f376,바이러스 감염 컴퓨터,깊이 우선 탐색,cb252911a809c9be932d6643d4423802f085b7758e5233d6d21c99ef0911d713,TEXT_FIRST,그림 필요성을 추가 검토한 뒤 제작
iamywl-v1-5308b042f0874f4d,외판원 비트마스크 DP,부분집합,d89953b2e4365f05c54cd1919648bc74abe8663288d3e2a2796fc6c0d3bba4a7,TEXT_FIRST,그림 필요성을 추가 검토한 뒤 제작
iamywl-v1-5382ad66c0551805,암호문 복원 - SWEA 1228 기반,연결 리스트,4398f05ca5c5134f26134fbb5dff709cf768a6993c6a07005f9de2c6a061f219,TEXT_FIRST,그림 필요성을 추가 검토한 뒤 제작
iamywl-v1-539fe99675d19eb2,사탕 바구니 나누기,중복 조합,99af3cd8dbe9289321aced194b1ebc0d7c4ad7649dfa9f6d41c5495f7850a83f,TEXT_FIRST,그림 필요성을 추가 검토한 뒤 제작
iamywl-v1-53ad919dd220091e,단어 아나그램 부분문자열,슬라이딩 윈도우,2efb56fcb57774894d255fe88291b445341c38754faa948844892ac361baec97,TEXT_FIRST,그림 필요성을 추가 검토한 뒤 제작
iamywl-v1-54004dbaf6f81a57,K번째 수 구구단 배열,이분 탐색,ad0ac332da4e60b54e5c485d96ab85a1de17c6c50a1c9f325d2be705fb14e15f,TEXT_FIRST,그림 필요성을 추가 검토한 뒤 제작
iamywl-v1-54694bb5d0522fab,큐에 대해서,큐,3e541e3f1a01d20428df248fa1aaea481015c207a602e28683b1eb756567f5ee,TEXT_FIRST,그림 필요성을 추가 검토한 뒤 제작
iamywl-v1-547f79c6823d7cca,나은이의 트랙 달리기 페이스 조절,슬라이딩 윈도우,bd47ace8413050e27aa733b82b096eaeb55d7f24a19be214fecf8c10bed63e60,TEXT_FIRST,그림 필요성을 추가 검토한 뒤 제작
iamywl-v1-54912e02cbb01b48,최근접 점의 쌍,분할 정복,0ae823034d96a31d9bc98b6d2e7189639310755343d99134d6dc89a59ece5d63,REVIEW_NEEDED,좌표
iamywl-v1-549b4b898b4887a0,토마토 숙성 창고,너비 우선 탐색,d3e5e9efcc3d9078cd34c74b0263a59ca1574a961cb7f579152a15c935fb9b55,REVIEW_NEEDED,격자
iamywl-v1-567858c76ba23130,선우의 음악 플레이리스트 배치,위상 정렬,3bee084d6e41f49a2a9147b17b08fbe9e76f24fb01d0b1809b210d11069ba3bc,TEXT_FIRST,그림 필요성을 추가 검토한 뒤 제작
iamywl-v1-572b44b1ad9e1b4e,후위표기식 계산기,스택,bd3c145b4e85114997a29178b46c1d5f8b31ce474584810671a19310877c4487,TEXT_FIRST,그림 필요성을 추가 검토한 뒤 제작
iamywl-v1-57913cae9ad8d3b3,,이분 탐색,f59f6c2d303b19df4b8479d6515f1b57e4aabbee46928719488933ca41c3769c,TEXT_FIRST,그림 필요성을 추가 검토한 뒤 제작
iamywl-v1-585a1c2114a2f90c,재귀에 대해서,재귀,6fa3b725178e871fbca78f1fb53c0f7b978fca5545d78d84070dd94f40dc8b49,TEXT_FIRST,그림 필요성을 추가 검토한 뒤 제작
iamywl-v1-59eef09d46df1a05,DP에 대해서,동적 계획법,09559b17b99c8551c62e7880c31c2573e7a4b570dd031b24ff9d1094b0e34be8,TEXT_FIRST,그림 필요성을 추가 검토한 뒤 제작
iamywl-v1-5a4530b15f4b2f1a,도서관 책 선택,조합,9566d3702312f737c38fe14c896f0b70475ec3e5cd0e544c4f79a6bace91eb02,TEXT_FIRST,그림 필요성을 추가 검토한 뒤 제작
iamywl-v1-5a6b7c37704b9e06,오등큰수 빈도수 모노톤스택,스택,15475a97bc5a026d77ff27b9c9420dc6d8338b85f9075f1c50960095fddfc7c1,TEXT_FIRST,그림 필요성을 추가 검토한 뒤 제작
iamywl-v1-5b1320e876d2e6e9,다리 위의 트럭 하중 제어,큐,721f97c203031d1093f5ed3585e15dd18ee1b56031a7f4399b9297995889224b,ILLUSTRATED,규칙 검토 완료
iamywl-v1-5b80f541dda82b47,,이분 탐색,e48771311116ac44fa7d5b996bc2eaa40332a5da6c07b3b035dbb3b90878e429,TEXT_FIRST,그림 필요성을 추가 검토한 뒤 제작
iamywl-v1-5bc8a8c7e50034e3,하노이 탑 이동 순서,분할 정복,65ca8a2e070f9e04408f10272d3a656e364d04fb7bada98eecdca9fd34f77dcc,TEXT_FIRST,그림 필요성을 추가 검토한 뒤 제작
iamywl-v1-5c4d19fa4c392df6,올바른 괄호쌍,스택,d511e7bcb30ad34439634a014d01daf7c58c27eed2f8e6bcd4945a53540ec63e,TEXT_FIRST,그림 필요성을 추가 검토한 뒤 제작
iamywl-v1-5cd7c9bd414cc0ea,메모리풀 기반 커스텀 리스트,연결 리스트,f5838cb5f534cefd0ccd2054e9eba0a5343d34eb5cfdc4bbb5f948dc8fdc7ec5,REVIEW_NEEDED,연결 관계
iamywl-v1-5dea6c90a4f6b36a,간선 추가 시 최대 가중치 사이클 제거,최소 신장 트리,f4a918fb9c2c3464c900e1647df92cd8e62c4f91d671e8c95f151856c16cccd8,TEXT_FIRST,그림 필요성을 추가 검토한 뒤 제작
iamywl-v1-5f257153ae729c62,트리의 지름 2회 탐색 최적화,깊이 우선 탐색,15cb7de3dbbabc6f6be6193efac016c86a0ae7e8a82655914055ed4a424f6652,TEXT_FIRST,그림 필요성을 추가 검토한 뒤 제작
iamywl-v1-60a259aee6e5da84,대규모 네트워크 복구 설계,서로소 집합,f1994ee545ce703c5c049dd0e71db921da0d3b946646fd72323f2b69daf9da4b,TEXT_FIRST,그림 필요성을 추가 검토한 뒤 제작
iamywl-v1-636fabb4f484cfdb,선우의 중복 문자 제거 정리,스택,97e38f291c9448a81a2ba31384cd1d110b7b302837c93aeba9db9b692706d685,TEXT_FIRST,그림 필요성을 추가 검토한 뒤 제작
iamywl-v1-651888e69974e0dd,우선순위큐 중앙값 실시간 추적,큐,88bf3d9d119712727ed799c6357bcc4be78ce34ecfbb11ef15d99851880781e0,TEXT_FIRST,그림 필요성을 추가 검토한 뒤 제작
iamywl-v1-65194c916997f247,로봇 이동 명령어 조합,중복 순열,12cead6e1133b56bff1eac3609e19605cecd9544f172b71d7bc10393c4ebf551,REVIEW_NEEDED,격자
iamywl-v1-6628b060fc14dde7,선우의 음악 플레이리스트,연결 리스트,22f7a3f25c1c829001c7250479438206789877966044d35395ed6c23483d5674,REVIEW_NEEDED,커서
iamywl-v1-665e18413bf7924e,서준이의 쇠막대기 자르기,스택,17066de9cc85658b70c99736380573c34fd9d25d12b91d6ec96bc38df1fbc427,TEXT_FIRST,그림 필요성을 추가 검토한 뒤 제작
iamywl-v1-66801828662cbf9a,우선순위 순서 출력,큐,936c88c63bed8d46e2c0a86b65a42851eecaa4704f089e58c6e5d036eef25bdc,TEXT_FIRST,그림 필요성을 추가 검토한 뒤 제작
iamywl-v1-66e29be9cbc5e361,방향그래프 사이클 검출 타르잔,깊이 우선 탐색,49a520d944a2f572477e8e02a0c6af696ebc657540734b78644f4cf385628609,TEXT_FIRST,그림 필요성을 추가 검토한 뒤 제작
iamywl-v1-675c005e4b215f0c,유주의 계산기 괄호 변환,스택,bef5573f298c5fcb4bb0c423d577de5c6373aba2cc5af4e34513d29d928fd8c3,TEXT_FIRST,그림 필요성을 추가 검토한 뒤 제작
iamywl-v1-67cca10ad7705471,격자판 최소 비용 이동,최단 경로,95d2c56d6c3576f19af67debc59275b07faeb0d23a27cda7ece2e16a8e62bf0d,REVIEW_NEEDED,격자
iamywl-v1-689369566a8dba03,모든 문자 포함 최소 부분문자열,슬라이딩 윈도우,33a23e529281e95f80a8d31601d92e03874993b6f0a24a8156d5e3efe6b59fa5,TEXT_FIRST,그림 필요성을 추가 검토한 뒤 제작
iamywl-v1-68ca0134a17c4d94,외판원 순회 비트마스크,동적 계획법,380e5ae690082d2389669448cd3ed62ad93e3bf3b1908528ac360e0d13e118f7,TEXT_FIRST,그림 필요성을 추가 검토한 뒤 제작
iamywl-v1-6a67d7657051bde9,미로 탈출 기초,너비 우선 탐색,a2d0a271a3b03a05b7f9008379e85b1bb2a13b02c051535a0fc1e20ca34b0be1,REVIEW_NEEDED,격자
iamywl-v1-6a744f13aa19267c,순환 열차 동적 재배치 최적화,덱,08e19c779b98246939d8b889d8ffd1b7a07631e01f5602dc711382e6819369da,TEXT_FIRST,그림 필요성을 추가 검토한 뒤 제작
iamywl-v1-6bacb48a54d0b2bd,벨만포드 음수 사이클 검출,최단 경로,a49e67fa6e758ccc5e7bc5ebdead29002b9fcae9a44b97b2ee1d8eb8853280c1,TEXT_FIRST,그림 필요성을 추가 검토한 뒤 제작
iamywl-v1-6bbe159f306f3c92,도하의 선수과목 체계,위상 정렬,d10ca77b4f187aba66f6cf84f5431b4f644a435b29bda37048e9a2bc3f26b332,ILLUSTRATED,규칙 검토 완료
iamywl-v1-6d82d43aeb3e42f3,하윤이의 키 순서 비교,최단 경로,b4ed8f9e56f15faea6e4c896f682e7712c71cd6a89a0c1bb4b7c7c9e7b6b0cac,TEXT_FIRST,그림 필요성을 추가 검토한 뒤 제작
iamywl-v1-6d8c55d292209cd5,덱에 대해서,덱,18fae75238bf59462c478df0d8968df793acaadb34690aab999d23fdc096fcb5,TEXT_FIRST,그림 필요성을 추가 검토한 뒤 제작
iamywl-v1-6dd7b7d7932c0229,히스토그램 가장큰직사각형 - 백준 6549 기반,스택,62b28d0841bd6242580956c28b82dd1babea1f5f4cae9b65e0df61ffe56cfe74,TEXT_FIRST,그림 필요성을 추가 검토한 뒤 제작
iamywl-v1-6e153fb1efffd7fe,숫자 되돌리기 제로,스택,f80dfe57a28d4bffc0a91598ac6bf71a4abb1ddee3e3247c3c3c488aec1905b8,TEXT_FIRST,그림 필요성을 추가 검토한 뒤 제작
iamywl-v1-6ec91f49cde933cd,이항계수 파스칼삼각형,조합,c376b0065e9b9ab3d1d30545145b239c3d801ddbb6cd0144acfb8b82fc1068f6,TEXT_FIRST,그림 필요성을 추가 검토한 뒤 제작
iamywl-v1-701fe4753f32023b,과일 탕후루 제작,중복 순열,3f66be7c5f4de389c1d9d752fd4b2a297220fc10c418c19d39101a8aa442b30b,TEXT_FIRST,그림 필요성을 추가 검토한 뒤 제작
iamywl-v1-7141350e64545c18,유클리드 호제법과 최대공약수,정수론,cc209d6a88652bf12c1614a486acc7814564824971c4fb811a3cf9da4bbe627c,TEXT_FIRST,그림 필요성을 추가 검토한 뒤 제작
iamywl-v1-71c8bd542e20cb59,스타트와 링크 팀 밸런스 최적화,조합,122ffebf17e9e00471c394b5dbe9bde740e742783c80ce6b9ff5d321c42431ad,TEXT_FIRST,그림 필요성을 추가 검토한 뒤 제작
iamywl-v1-71f8495305770c83,동전 교환 경우의 수,동적 계획법,7db522d07bbd5b27d7e0f5701a5c2d9d87f68b8209d63b8c072ee5f1add084cd,TEXT_FIRST,그림 필요성을 추가 검토한 뒤 제작
iamywl-v1-7293de03dfd740ca,선우의 행렬 거듭제곱,분할 정복,92da8ccfbe3954f2b2f7196983cef68739f945efadc42c15d893400b8dfb7eab,TEXT_FIRST,그림 필요성을 추가 검토한 뒤 제작
iamywl-v1-73b8cf3c4ff384f1,0-1 BFS 격자 탈출,덱,4a5af7eb990c0b11627316359aeb6772638720176572f64d545924f978915a23,ILLUSTRATED,규칙 검토 완료
iamywl-v1-7481b41a831ac52d,입국심사 최소시간,이분 탐색,9382135b5f591ff718816a4ab1658102d1fc37f06ed0d6201aca4659ecdf1ede,REVIEW_NEEDED,다리
iamywl-v1-76bb1a6ed8a4a988,유준이의 01 배낭 싸기,동적 계획법,88a45905828fd4794a602d546e32dd6bc90c994ad3fa8f04f3bc4dbbb0ce41e6,TEXT_FIRST,그림 필요성을 추가 검토한 뒤 제작
iamywl-v1-772852bac26969d8,선우의 연속합 최대구간,동적 계획법,3f034a3d9571afbf9fec6f399701802d85f114f7996dafc2e59dfb503893d318,TEXT_FIRST,그림 필요성을 추가 검토한 뒤 제작
iamywl-v1-77d3fc3586cb7acd,나은이의 지하철 환승 여행,최단 경로,9d7d258640ecea8fe2d3a57661a8985e4347a695ed3d0ad06ec51c6a7d238a8f,TEXT_FIRST,그림 필요성을 추가 검토한 뒤 제작
iamywl-v1-77d417a63d03bfbe,스택 문자열 압축 해제,스택,c6dc4d0272d752b74b71215bf02d0e4ba72a7ceded677415cd5dac58a18cf56a,TEXT_FIRST,그림 필요성을 추가 검토한 뒤 제작
iamywl-v1-787711053adad7e5,도윤이의 도서 대출,이분 탐색,6cc834e9fbc7d09ff29c0f6c1062be7dbef04f9d02f03146f82ba0dc03732878,TEXT_FIRST,그림 필요성을 추가 검토한 뒤 제작
iamywl-v1-7a2fd5d80e3a8b45,무기명 투표 개표,중복 조합,5d38a763d73712aca2c3ed85818bdd48b13d4d4f5a0c10654dae8964c71d852c,TEXT_FIRST,그림 필요성을 추가 검토한 뒤 제작
iamywl-v1-7b6d506f6f6c3561,로운이의 아이스크림 맛 고르기,중복 조합,f20d987a2bb4953e7ac6a70fdf1ba723a3f94edf28dae960332b32034415324e,TEXT_FIRST,그림 필요성을 추가 검토한 뒤 제작
iamywl-v1-7b9ec7b8e5ab716b,센서 통신 기지국 설치,탐욕법,ce096b77be75e8b86a554942a405a60aa13ecd74db5e713040f02932c24fc778,REVIEW_NEEDED,좌표
iamywl-v1-7c5017bee32f50b8,은우의 문서 키워드 밀도 측정,슬라이딩 윈도우,94f4946831d084640ef94bdaa45580bb5706d430c217db2f423ea8f3b9425b6f,TEXT_FIRST,그림 필요성을 추가 검토한 뒤 제작
iamywl-v1-7c79ad5b95e9fc0c,이진탐색에 대해서,이분 탐색,bea934c1af70053e3235e8fb448c7df66b3a4c7df6e48e4a2b7bb2a45a837ad7,TEXT_FIRST,그림 필요성을 추가 검토한 뒤 제작
iamywl-v1-7cff55e662817d80,연결 요소의 개수,서로소 집합,1cfc6e2522b6ae9ee17a0ed5cb7266692522dc0cd8062d7d6c75a4039ec7846a,TEXT_FIRST,그림 필요성을 추가 검토한 뒤 제작
iamywl-v1-7d365588567be2ec,감시카메라 배치,조합,de4b292071f015fb2f603483bb683eed810e2cc6ecb8d10d9eec9ae7572d60b4,ILLUSTRATED,규칙 검토 완료
iamywl-v1-7e683348c594a553,과수원 스프링클러 설치,조합,52783862ea978bb4a22c26421659b507c0b0086ec28140cd6bc27d8ca6e28d94,REVIEW_NEEDED,격자 / 상하좌우
iamywl-v1-7f737ede4615f92a,과일트럭 최단배달,순열,e1aa4342d9f51a81d15ff8d57921a819b1b6031b90d89d1bbf26214cf60a784e,TEXT_FIRST,그림 필요성을 추가 검토한 뒤 제작
iamywl-v1-801fa0e5acb4263b,모스부호 문자열 복원,중복 순열,cc838957e2bf9a4c7d77ab99b2cb489ba9633ef6aebb60783e89769d45177797,TEXT_FIRST,그림 필요성을 추가 검토한 뒤 제작
iamywl-v1-806e65f1c2e57ead,놀이공원 줄세우기,순열,05de9a704263e82eca38f7cdb88ebf29c8be453c948feb44bceb08773e617544,TEXT_FIRST,그림 필요성을 추가 검토한 뒤 제작
iamywl-v1-809f0ea00a944fb4,은우의 비밀번호 모든 조합 시도,중복 순열,f553994df2374696dca0183842344a8e7ba4095c515f18f031d4a5172106cca5,TEXT_FIRST,그림 필요성을 추가 검토한 뒤 제작
iamywl-v1-80b0a8ddb828026f,하준이의 로또 행운의 조합,조합,32b7193776562d2274e671e9b44b21da01b29cdde127c002df7cc529461f5102,TEXT_FIRST,그림 필요성을 추가 검토한 뒤 제작
iamywl-v1-8242ebcb99db3626,음이아닌 정수해 순서쌍,중복 조합,514ca0960ab40d31823b358d74e81dd4e14dd21af656bd34ff9b3063d32167e9,TEXT_FIRST,그림 필요성을 추가 검토한 뒤 제작
iamywl-v1-827f8200f27b0912,정수 삼각형 최대경로,동적 계획법,3caebc5e7a485bd66a79b0f807012c265d64f84aa1e0bb9fab7e8fa2ead43e1e,TEXT_FIRST,그림 필요성을 추가 검토한 뒤 제작
iamywl-v1-83a53146da0960e8,아윤이의 압축 문자열 해제,재귀,31ca773d272bc6eb1e57127b16455a1297aaefbc3a0e9ce13528a2ea464e9f3e,TEXT_FIRST,그림 필요성을 추가 검토한 뒤 제작
iamywl-v1-867c22e98ba774a3,세 용액 특성값 0 조합,두 포인터,0d6965d979ff1c31d746e4beae879cd032ebdaed341cb78301c879f249bb37ad,TEXT_FIRST,그림 필요성을 추가 검토한 뒤 제작
iamywl-v1-86f61b18dcee5ff2,파일 합치기 최소 비용,동적 계획법,841221e4bbbec5bbf5745aa938db48c64bc5d345f02e04a7f0577bdcc2bccd30,TEXT_FIRST,그림 필요성을 추가 검토한 뒤 제작
iamywl-v1-88a7c4595296a5f4,분할 정복 쿼드트리 압축과 해제,재귀,ba61fc0e321f61e405bc45f8d80c024fb40d36d2d0b2543a13eecad35ac70ac9,REVIEW_NEEDED,쿼드트리
iamywl-v1-88fbb06dbc58b81f,괄호 문자열 유효 생성 카탈란,중복 순열,b53fb2dd8ba0f4c70b4bf48a10d2e84e5b29226043f0475ed2353fc9c23f3db2,TEXT_FIRST,그림 필요성을 추가 검토한 뒤 제작
iamywl-v1-89c17e6bc44d7067,과일 파르페 쌓기,순열,b0a4500446eb8e5c2102879d5281fa816b70dfbae718550177c88ffbeee47346,TEXT_FIRST,그림 필요성을 추가 검토한 뒤 제작
iamywl-v1-8ab47cbdbc0dad75,배열 역순 출력과 합계,재귀,111cf9d389cdedbd9535fde307e8c712237ad903c6c77f63fbf43f7b46ad1017,TEXT_FIRST,그림 필요성을 추가 검토한 뒤 제작
iamywl-v1-8ae55d9b4bf194d7,슬라이딩 윈도우 최댓값 모노톤덱,덱,a657bf063ce133d10b06cfd8dd35ada850ef0af12188e358a40f0ed5142886f7,TEXT_FIRST,그림 필요성을 추가 검토한 뒤 제작
iamywl-v1-8b9b789fe5abb56b,미로 탈출 최단거리 기초,너비 우선 탐색,008e93e66273a491f868e99b696edde60766bb31c8a19a7659ecd6ea9b907a63,REVIEW_NEEDED,격자
iamywl-v1-8b9c6143a4bce82f,부분수열의 합,부분집합,7f8bdea42c3213692c5204187c60f4cdd036a8d3959ce2b18121a5847aa30bdc,TEXT_FIRST,그림 필요성을 추가 검토한 뒤 제작
iamywl-v1-8bd96992a3e8fab1,치킨 배달 거리 최적화,조합,fb4bee445e07f278e3d8b0d5e445f6a3c09236305784e5c4271b79b9344004a2,TEXT_FIRST,그림 필요성을 추가 검토한 뒤 제작
iamywl-v1-8c08217855eebf53,최장 공통 부분수열 LCS,동적 계획법,b533aee3706b29f2e92641962fc273d9f2f0200b9296523c74b9368635aa9c1e,TEXT_FIRST,그림 필요성을 추가 검토한 뒤 제작
iamywl-v1-8c8cc008109369a9,동전 0 최소 동전 교환,탐욕법,4cf771f39d45c1993102d6c68ad6df7f77524703d5d2f01c00e2d0e3ee5171b3,TEXT_FIRST,그림 필요성을 추가 검토한 뒤 제작
iamywl-v1-8d4e6826d509efb3,이분 그래프 판별 패리티,서로소 집합,1ae675f6375bc7f8a20b85e44de1e79dc658da133349c82e3cd03ab12f286e0c,TEXT_FIRST,그림 필요성을 추가 검토한 뒤 제작
iamywl-v1-8d9eac10b1e5d573,최대 K회 0을 1로 바꾸기,슬라이딩 윈도우,6dfec03514c1056b8ec82db6ee49d2866be293dfc0eb275496e182eef5ec43d6,TEXT_FIRST,그림 필요성을 추가 검토한 뒤 제작
iamywl-v1-8db63150a5768096,외판원 순회 비트마스크 순열 최적화,순열,0d897cbd2f1597d2288a1223c4b0cbb5d1c00542bb41bef354914a86dc7649e4,TEXT_FIRST,그림 필요성을 추가 검토한 뒤 제작
iamywl-v1-8e4ac3f372ee856b,다음 순열 사전순 찾기,순열,35cb6a5913e675c7c821430578de601125997b016a49ff92aeb2a828349b8326,TEXT_FIRST,그림 필요성을 추가 검토한 뒤 제작
iamywl-v1-8f45f2dc2d4713a8,가장 긴 증가하는 부분 수열 이진탐색 최적화,동적 계획법,ecddb64eabc1bbe487a304e40f8af6a9db39c191023ff0ef690058bfb07f7f17,TEXT_FIRST,그림 필요성을 추가 검토한 뒤 제작
iamywl-v1-8f6eef69d61356a2,등산로 조성,깊이 우선 탐색,bdb49db51440f18fd1094161cc5441736fa665e36d6ed878dd051bedbb613a3a,TEXT_FIRST,그림 필요성을 추가 검토한 뒤 제작
iamywl-v1-9015b727dd9e278d,카드 버리기와 옮기기 - 백준 2164 기반,큐,1878de43aa43b87431b6ff4e6e1f6b3b8016966213d5114e6791204e48506a3f,TEXT_FIRST,그림 필요성을 추가 검토한 뒤 제작
iamywl-v1-91226c3316c0c19f,N자리 순열 사전순 K번째 복원,순열,ed96e3a4d7d6500dde006af22bfdfcb738b6507608ebdb8c15e2d4db33b33f72,TEXT_FIRST,그림 필요성을 추가 검토한 뒤 제작
iamywl-v1-92458cad36519712,K번째 최단경로 탐색,최단 경로,d3ff2eaa5a3b0271cfe3fd99fc1d993ab023c0372797c8bfef0c4eb97d62e23f,TEXT_FIRST,그림 필요성을 추가 검토한 뒤 제작
iamywl-v1-92b9c015da0909a9,이서의 광통신망 구축,최소 신장 트리,6e24aeddce8426d94544fbdcb19c3dda775fd3f8380d1b8f55aebcf88f2f021a,TEXT_FIRST,그림 필요성을 추가 검토한 뒤 제작
iamywl-v1-93a952a311881c7f,로운이의 햄버거 주문 대기열,큐,d4e57d58c57e3dad9c0f1158929df28cf09bea25e33eaedb4079ac179921be37,TEXT_FIRST,그림 필요성을 추가 검토한 뒤 제작
iamywl-v1-93f5a0e74c049fde,벽 부수고 이동하기,너비 우선 탐색,e680b1c401b1100ba761923694fe8e3f633f7a61e0df6f93144c654d44d4fb91,TEXT_FIRST,그림 필요성을 추가 검토한 뒤 제작
iamywl-v1-9497561fe0045909,유주의 구슬 바구니 나누기,중복 조합,8ff5f27e3c5985bf25de6270b63a8bd3e9438b9b9d6059b3b9e1cc59a456c585,TEXT_FIRST,그림 필요성을 추가 검토한 뒤 제작
iamywl-v1-94d62cbe23c47c66,도하의 섬 다리 연결,최소 신장 트리,9eda37aa334d1d04a9f9027fa6d478ce6e27924f6ade2b257bd606979fac1b11,ILLUSTRATED,규칙 검토 완료
iamywl-v1-955b2b061d1c2066,로또 행운의 조합,조합,9a21efac33a6fc92ed6553bad1f20bbd02eeaf674b8ac082b4bfc1662195451a,TEXT_FIRST,그림 필요성을 추가 검토한 뒤 제작
iamywl-v1-955d2dbee57b2267,카드 셔플과 뒤집기,덱,e51be858a1a051a14484eb1a2c21e2461d04b91048a6a5b5c7194a95835631c2,TEXT_FIRST,그림 필요성을 추가 검토한 뒤 제작
iamywl-v1-968db97bd84bff68,프림 알고리즘 기초,최소 신장 트리,d7cdd1cb38c4ab95fb2889e4caf5fbe7f5d2856e68d0993b973742083c50f1ff,TEXT_FIRST,그림 필요성을 추가 검토한 뒤 제작
iamywl-v1-96e7be449cc75eda,행렬 피보나치 거듭제곱,분할 정복,ee2e470e58128655d57fbd562aaa3d2f76c791866bd044575101fdde47b1e830,TEXT_FIRST,그림 필요성을 추가 검토한 뒤 제작
iamywl-v1-998adaa1adcbee04,방정식 정수해 개수,중복 조합,97b3e5953f67d04f347a19a456bc4661bec089d2ccf846c06400577e463a65ce,TEXT_FIRST,그림 필요성을 추가 검토한 뒤 제작
iamywl-v1-9990f5c62f385739,사전순 다음 순열,순열,3d8d78c69bf7f05e16b3764d4d6aa9bb6b618cf497b7125df1e4051fe3275aff,TEXT_FIRST,그림 필요성을 추가 검토한 뒤 제작
iamywl-v1-9a52a20841956906,,서로소 집합,6ea48a0f9bb9334ba73f36ff3f1f6f20bf2496a536a3babcc2ec9b7e2ab9e05e,TEXT_FIRST,그림 필요성을 추가 검토한 뒤 제작
iamywl-v1-9ab31c8992ff67a4,불과 비상탈출,너비 우선 탐색,0c8dd6f238a1a5b6a73f9dcade84552f931c7eb565a3ec430685e735e4858596,ILLUSTRATED,규칙 검토 완료
iamywl-v1-9b19b37542d168fb,구간 중앙값 선택 퀵셀렉트,분할 정복,260c1eb3573b22ac4bf657391c9ec33bf1f1bb85754ddde16b9f282bf10d64f8,TEXT_FIRST,그림 필요성을 추가 검토한 뒤 제작
iamywl-v1-9ba5e181788e01c8,순환 수열 최대 연속합 카운터,슬라이딩 윈도우,7b5fc754c224e94cc5ab653c76df86172e1fc1c73cd46f745d7cbfa57b3a120a,TEXT_FIRST,그림 필요성을 추가 검토한 뒤 제작
iamywl-v1-9c36f9e60c0e01de,K번째 최단경로 우선순위큐 최적화,최단 경로,412915031232fa2e5f499553b7ba856800c4fd934796816315a8b9f52b625910,TEXT_FIRST,그림 필요성을 추가 검토한 뒤 제작
iamywl-v1-9d688a1ca0e277c6,서윤이의 게임 테크트리,위상 정렬,d6fb10116c0fab69dbbc16dd93ac1943d1be1f819f62a1f94990058a4b0c1014,TEXT_FIRST,그림 필요성을 추가 검토한 뒤 제작
iamywl-v1-9f42141349373cc1,,분할 정복,f194681f4c8cb53a8d5826707ce83797169880a7266e05e8fcc396c67a082316,TEXT_FIRST,그림 필요성을 추가 검토한 뒤 제작
iamywl-v1-9ffa26bcefca956a,슬라이딩윈도우에 대해서,슬라이딩 윈도우,a767cf292776cd87bb7e4dd394e1202765fe3051c0541c4b27a64ee3f514d296,TEXT_FIRST,그림 필요성을 추가 검토한 뒤 제작
iamywl-v1-a1a486bce3e7f144,은우의 이어달리기 주자 배치,순열,6c70aab79339347c3f840e3e2c14973daa7c4d0ee60446a40896bff210537dc2,TEXT_FIRST,그림 필요성을 추가 검토한 뒤 제작
iamywl-v1-a1cc0f9d54d44696,미로 최단경로,너비 우선 탐색,ae30e2e7fb31088f3056ca01ac3cc42ce11cb11a565fea2600cc9c61456d9fa0,TEXT_FIRST,그림 필요성을 추가 검토한 뒤 제작
iamywl-v1-a217a0db3d05cbe0,중복 제거와 고유 원소 압축,두 포인터,9b58417c07858ab142479bd543ae039496d7c9e8d2a33979a3d0c881fff71910,TEXT_FIRST,그림 필요성을 추가 검토한 뒤 제작
iamywl-v1-a235cb378d32c22b,분할정복에 대해서,분할 정복,13d2e1d6bf47d96e1c7a18d34664763d9722b38534d90cdad3b51b915b59506a,TEXT_FIRST,그림 필요성을 추가 검토한 뒤 제작
iamywl-v1-a37735ffd990b616,하윤이의 예산 배정,이분 탐색,5de47b95e5cf196ad67375fd28a64d9425c98916d131e79c931cb826b7ccc193,TEXT_FIRST,그림 필요성을 추가 검토한 뒤 제작
iamywl-v1-a4a9aad006cf2749,모든 컴퓨터 네트워크 연결 비용,최소 신장 트리,306b2f4298821e13fe0d50a563872a70dcb1f73dee6b67b50df8211bfcd8439e,TEXT_FIRST,그림 필요성을 추가 검토한 뒤 제작
iamywl-v1-a6632094008abcea,시우의 스터디룸 배정,탐욕법,14d18711b3b9b70f34ab00b6dfc88a7a0e543623c0e15ec9f050cf12fe77b4b2,TEXT_FIRST,그림 필요성을 추가 검토한 뒤 제작
iamywl-v1-a6ee28a96f5b1843,은우와 아린이의 단어 사슬 잇기,연결 리스트,08e61b12e9ca7eeebf05164e7eb262a30f6e60d3fafd23977a97c7bf41d5b61b,TEXT_FIRST,그림 필요성을 추가 검토한 뒤 제작
iamywl-v1-a7813a45e8e57ab3,두 배열 합치기,두 포인터,af818055cb31bdd1b57ba377f115fe3b1a64ad23c0cc68e7284fcad37a9eda61,TEXT_FIRST,그림 필요성을 추가 검토한 뒤 제작
iamywl-v1-a8240f71510acad2,작업 마감기한 스케줄링,탐욕법,4ac8251090fd767f9e9411720f73eddced87269490687cdb77fd48bd2a7b804b,TEXT_FIRST,그림 필요성을 추가 검토한 뒤 제작
iamywl-v1-a86c5104b1a1fe43,포션 제조 배합비,중복 조합,92988b01cbfc9d4ce7c116a870870091a008e3618234c1b154462db551d6bec6,TEXT_FIRST,그림 필요성을 추가 검토한 뒤 제작
iamywl-v1-a94aaa62efdb20fe,시우와 지아의 단어 카드 게임,덱,8793e86b655fc7f045445128f13d8cf7dd724e57b40cf87d477c90fc87ddaddb,TEXT_FIRST,그림 필요성을 추가 검토한 뒤 제작
iamywl-v1-a9675650d508e877,일방통행 연구소 탈출,너비 우선 탐색,054a3b8f84742def4e89667adfb59d7588df17859209e38209308b04f4725b63,REVIEW_NEEDED,격자
iamywl-v1-a9c4d80ab11ca78b,과일 시너지 극대화,부분집합,7aee883a43a59685c837da6a07fa038eea38529c223d93c5a2c6faa4db735ce5,TEXT_FIRST,그림 필요성을 추가 검토한 뒤 제작
iamywl-v1-ac523c669a321f90,선우의 연산자 끼워넣기 중복 순열,중복 순열,7fe5a9ce47556bde9b2783b6bf82c7f21097fc3f721757e05b0ca58cc50a5982,TEXT_FIRST,그림 필요성을 추가 검토한 뒤 제작
iamywl-v1-acd5d184a223c5cc,사탕 분배 경우의수,중복 조합,264a19c1a3b4694a97b1a7ebf1f04709ce5c67dca0f11b86a49465defbb6f803,TEXT_FIRST,그림 필요성을 추가 검토한 뒤 제작
iamywl-v1-ad75ec2d416e5dba,N-Queen 배치,깊이 우선 탐색,0a6708c5349068b0c1fa448f196e3f4139f149188bafcd8828cab7e2dd0ef47b,TEXT_FIRST,그림 필요성을 추가 검토한 뒤 제작
iamywl-v1-ae4f609a93c5a16c,물류창고 폐쇄와 연결성,서로소 집합,450b933a8215064e8dc6cded8ff56f0b2a146fb9e08d319d65c17c9618446903,TEXT_FIRST,그림 필요성을 추가 검토한 뒤 제작
iamywl-v1-b060bd6a4b27ef75,음식물 피하기,깊이 우선 탐색,3e2745f111174b4c085b06f6412079c891e4bdf0b0f1472d23b053a4a6082b0d,REVIEW_NEEDED,좌표
iamywl-v1-b0eac933a8d0f869,부등호 관계식 최대 최소 수열,순열,b6593d3c88f0840f9c9d22e64eb8e3ed0fe16c083cb093e0a75e426cf2ef0e21,TEXT_FIRST,그림 필요성을 추가 검토한 뒤 제작
iamywl-v1-b1290fa1c40336de,유니온파인드 기초,서로소 집합,77faefac8a5272dcef6f1e8e67498f4417e2e89e8ec1e06947efcb31097eef27,TEXT_FIRST,그림 필요성을 추가 검토한 뒤 제작
iamywl-v1-b1327b98669788e3,지아의 놀이공원 연속 탑승 스케줄,슬라이딩 윈도우,8f8fb3a73b7178faa73fb7e6e93c79ed9e9c9e6103d0d708d1c17c9b278ba354,TEXT_FIRST,그림 필요성을 추가 검토한 뒤 제작
iamywl-v1-b13ac46c733c6edd,막대 자르기,동적 계획법,42bf318d7c17627689ade42d3673d643670a3c73ecb6f1cced50ff33a424b495,TEXT_FIRST,그림 필요성을 추가 검토한 뒤 제작
iamywl-v1-b2d1ac7e1f9c46ee,지아의 균형잡힌 장보기 무게,부분집합,c29e8ab46c7d12c65f9567885bbd8163e5b603615c3d779915fae7e496bbdbd7,TEXT_FIRST,그림 필요성을 추가 검토한 뒤 제작
iamywl-v1-b44d6e2d2dcf17bc,숨바꼭질 1차원 최단시간,너비 우선 탐색,d982b39a05fc717506053657b8b91ae6a9f632d9325d29c4c6cac34988731c95,REVIEW_NEEDED,좌표
iamywl-v1-b4aacca92fd837b4,서윤이의 체육복 대여 그리디,탐욕법,8e2f4ccf0e181d68e749de361c2cecc23f5076a2e49b9cbf2dd44d2710657ce0,TEXT_FIRST,그림 필요성을 추가 검토한 뒤 제작
iamywl-v1-b4f7d37b062e65fb,중복 노드 제거,연결 리스트,cf8dc1893ef6c35794c03120de0fe37221b1d38b3efe9627b1c721f32f3d65cb,TEXT_FIRST,그림 필요성을 추가 검토한 뒤 제작
iamywl-v1-b53cfac246870703,가중치 있는 유니온파인드,서로소 집합,9cc870f2b9d1207930bda96bb893fc5f099f89a73d28743ebc3e2b3a8953d6fa,TEXT_FIRST,그림 필요성을 추가 검토한 뒤 제작
iamywl-v1-b5f0ca4c93538712,하윤이의 체리 사탕 나누기,덱,4dce3c24c9261ff1962c0d21254dc9fa59891c9c4c135dff9a423c98652cd5e1,TEXT_FIRST,그림 필요성을 추가 검토한 뒤 제작
iamywl-v1-b604b5687d0955f0,특정 목적지 최단비용 조회,최단 경로,4514f60208aa44d6c5b4ef5735979feeeed1b1e2f73a5f8620eaa96a7eb29c1c,TEXT_FIRST,그림 필요성을 추가 검토한 뒤 제작
iamywl-v1-b68c3b4a867030d7,다익스트라 기초,최단 경로,4e8d5975e2ab4f6fee135ef574a45ad7ea564d8daf4a2507d33c0a62f5092bc8,TEXT_FIRST,그림 필요성을 추가 검토한 뒤 제작
iamywl-v1-b7cb8f832e1cd6e0,블록체인 트랜잭션 롤백 엔진,연결 리스트,2b4d5e945a2ff9a1f1492691b9173f031c306e184db55675edf5f5788602b942,TEXT_FIRST,그림 필요성을 추가 검토한 뒤 제작
iamywl-v1-b7f846c5d367c89d,지아의 트리 순회 복원,분할 정복,fe75b9a43e7dd361824679fb7a99171ca0abe3fe433f0db50074f45fe606879a,TEXT_FIRST,그림 필요성을 추가 검토한 뒤 제작
iamywl-v1-b82713284a09f2d4,공유기 거리 극대화,이분 탐색,8938d6a83edc9abc8504b6c49f018b17879078d660af6ea755c2a159451d2c88,REVIEW_NEEDED,좌표
iamywl-v1-b89d48d4920b07fe,구간 서로 다른 K개 정수 카운팅,두 포인터,f3c239797d6d7cb87a50daf4ce83033773df37d59183b7fd54ee14cf074c951b,TEXT_FIRST,그림 필요성을 추가 검토한 뒤 제작
iamywl-v1-b8f3ebed058370b9,동전 교환 최소화,탐욕법,7a638aa7f8e3346cfcb1185ff329ee1be46c772330e6d1f3243d56d140129605,TEXT_FIRST,그림 필요성을 추가 검토한 뒤 제작
iamywl-v1-b91132be55c725e3,탑 레이저 신호 수신 - 백준 2493 기반,스택,1daff6def74e035e8d18ea61c5753cff829c99e75af4ff4e3d9b9d940af3b7f3,TEXT_FIRST,그림 필요성을 추가 검토한 뒤 제작
iamywl-v1-bad37b16095944d2,주사위 눈금 합,중복 순열,90513090a7b504c9e7a9f4c64cd1dce93c44e2be82838de1d314dbc8bf4ae32a,TEXT_FIRST,그림 필요성을 추가 검토한 뒤 제작
iamywl-v1-bb294ac4b9ded4ea,중복조합에 대해서,중복 조합,0e90f17177203b66ce61d4b32ca1dd7dab909976944dd9276a5a8e9b8a1bcc12,TEXT_FIRST,그림 필요성을 추가 검토한 뒤 제작
iamywl-v1-bc28c40534507e47,빌딩 옥상 정원 관측,스택,0e5cfbcf49b58923c25d723455e3a0580e2c8def4006044fdabacdf067dcfb1a,TEXT_FIRST,그림 필요성을 추가 검토한 뒤 제작
iamywl-v1-bcbd93e9997db66a,각 자리수 합과 디지털 루트,재귀,fce69deafbba24ca032fabc6197e461824ad00eef60404a04a83a19f2d2c75cb,TEXT_FIRST,그림 필요성을 추가 검토한 뒤 제작
iamywl-v1-bfb9d1bc0c53fc3e,스도쿠 퍼즐 백트래킹 완성,중복 순열,f272ad69a0e71e4515afc6753ec66805302e0c0ac83e2c9074ac53e153d2c302,REVIEW_NEEDED,격자
iamywl-v1-c02f0c2752f4e7dc,병목 비용 최소 스패닝 트리,최소 신장 트리,c1ebfd6e9e0974b62212567c1dc3ad85e15d0d6932b3b3c0b01166158813f06e,TEXT_FIRST,그림 필요성을 추가 검토한 뒤 제작
iamywl-v1-c12b8d6f97837ec7,도윤이의 프린터 대기열 - 백준 1966 기반,큐,971bcc67059cffe2462ead8297cc6192056082aaa45d4eee53415446bacddec3,TEXT_FIRST,그림 필요성을 추가 검토한 뒤 제작
iamywl-v1-c2a7c35fe469adc6,빗물 트래핑 체적 계산,두 포인터,c3d32effd8cea87c649e18acc65f3a898fc047aacd895d18a68f5a08094b5deb,TEXT_FIRST,그림 필요성을 추가 검토한 뒤 제작
iamywl-v1-c2f205452e777918,중복순열에 대해서,중복 순열,fb1d9b544ed751a23feefaebdadf7d8ebefb89cb59ac98fae07970143c35c3da,TEXT_FIRST,그림 필요성을 추가 검토한 뒤 제작
iamywl-v1-c3038b6c78f0ccce,,분할 정복,0803be4dc8b5b40ef03b27740d5f9771ffdafd7411d7092fdb24dd77bd65fe23,TEXT_FIRST,그림 필요성을 추가 검토한 뒤 제작
iamywl-v1-c363a62371290828,문제집 우선순위 큐 최적화,위상 정렬,db0c2f199815769eddddf2b2a2f3ee5a14681f162477eb62f17c75a856c7f007,TEXT_FIRST,그림 필요성을 추가 검토한 뒤 제작
iamywl-v1-c3dd7ad576364db8,바이러스 전파 연결컴포넌트,깊이 우선 탐색,60ca77d75e93834c39546707ddcbc8aa5e5c73b2a947f73a79b1c063a75d8f77,TEXT_FIRST,그림 필요성을 추가 검토한 뒤 제작
iamywl-v1-c4e95f94b5e67a6f,아윤이의 쿼드트리 압축,분할 정복,0ddc2cae8ef3a7142050d7f4888848840fccceb94f6dbdb25ac77f3dba44055a,REVIEW_NEEDED,격자 / 쿼드트리
iamywl-v1-c51224acd99a734e,원소의 합 K 존재여부,부분집합,1bcd297307687b76f868bccf14e203b42c366d9d9c943ca4524ef62a6e25c34e,TEXT_FIRST,그림 필요성을 추가 검토한 뒤 제작
iamywl-v1-c5e28680eb50d356,BFS에 대해서,너비 우선 탐색,f707862cf820ce688791f84546cb059696586952f220703680ecc6a96efefde4,TEXT_FIRST,그림 필요성을 추가 검토한 뒤 제작
iamywl-v1-c65de2876ed0bf06,회전 초밥 쿠폰 다양성 최대화,두 포인터,ecd8b6ff80b66a9e3cee91ef10b4fbd01ff67a9f0b0735c033d55bad1c9e780d,TEXT_FIRST,그림 필요성을 추가 검토한 뒤 제작
iamywl-v1-c6bafae5c5c5be6c,히스토그램 최대직사각형,분할 정복,e90a4462dbd5f2dcc37dd2a4f994df27ab02eaf5c07af58746434c08d319aaca,TEXT_FIRST,그림 필요성을 추가 검토한 뒤 제작
iamywl-v1-c77d8b0e0a567ecf,숨바꼭질 워프,너비 우선 탐색,9f00b318cf8f31c5a8395b62e7c4615cee0fad0ddaf4eb490e1a890f0f5b899e,TEXT_FIRST,그림 필요성을 추가 검토한 뒤 제작
iamywl-v1-c90025b552051d1e,구간합 갱신 질의 - 백준 2042 기반,세그먼트 트리,b4ed96a21a3a6b92cdea41e9d9daf1d3f83fabf4d5bca0fa619ff8e7aa24d9f9,TEXT_FIRST,그림 필요성을 추가 검토한 뒤 제작
iamywl-v1-c9aa60b86f83f18c,로운이의 암호문 삽입과 삭제,연결 리스트,967ea2dbc2b15aa2103b80c4ddc42548a914ceaa3d426290e6e9c26eb29549a7,TEXT_FIRST,그림 필요성을 추가 검토한 뒤 제작
iamywl-v1-ca341c8386d6511d,정렬배열 탐색기,이분 탐색,4a16819ffca1bac9e978878d3515e4a0c67d2806a2ca0e233bb96641f679c135,TEXT_FIRST,그림 필요성을 추가 검토한 뒤 제작
iamywl-v1-caf280bf12725a02,시우의 균형잡힌 문자열,스택,cb39a85262b41220e36e9112d0a92b17d40e50bd5c7e44a26c9731d9382f2aa3,TEXT_FIRST,그림 필요성을 추가 검토한 뒤 제작
iamywl-v1-cafa117eddcee5f4,DFS에 대해서,깊이 우선 탐색,6a18be37f8517d4ca956fa8c997d8a5bf1e91f1e9228902891ffc0b278c974e9,TEXT_FIRST,그림 필요성을 추가 검토한 뒤 제작
iamywl-v1-cba2cc4203314a8f,아린이의 원형 순환 열차 티켓팅,큐,44ba3e8be28df6010384696896a4fdba61d21ac2220c22e03c643f23c0591c07,TEXT_FIRST,그림 필요성을 추가 검토한 뒤 제작
iamywl-v1-cc1c88dd6b65d7d8,최대 스패닝 트리,최소 신장 트리,d8f80f5321427171854c93b0c736146ddba48abccfebc83c8760f835653176b6,TEXT_FIRST,그림 필요성을 추가 검토한 뒤 제작
iamywl-v1-ccbc0a1ab90dc3b4,부분집합에 대해서,부분집합,f4f6604a2ad1bae5b0a8cf524dcb1e2191322487fdb2842f5dbfe73b4843cad0,TEXT_FIRST,그림 필요성을 추가 검토한 뒤 제작
iamywl-v1-ceb8010473f38613,서아의 암호 만들기 모음 자음,조합,638e517e7f5e0d0b7d8765a3d4d96099b43584dafa6e5193c96a9eb3399c192f,TEXT_FIRST,그림 필요성을 추가 검토한 뒤 제작
iamywl-v1-cee8ea4b09dadfba,과일빙수 스쿱,중복 조합,4657a37189470c0c556ed1fd1e786f3193efded42a001d753ac52d93f2053b79,TEXT_FIRST,그림 필요성을 추가 검토한 뒤 제작
iamywl-v1-d082cd00efeda2d5,주사위 N번 던지기 눈금 합,중복 순열,13a4726b63734adacb5e01f058991796e04d1c21e4062f196ffd378593acdbdd,TEXT_FIRST,그림 필요성을 추가 검토한 뒤 제작
iamywl-v1-d173c1e33f497ef2,서아의 과자 분배,이분 탐색,1301597d202872280bbca1520fc8c002acafc03cb5c41782ebe5213c55ac55df,TEXT_FIRST,그림 필요성을 추가 검토한 뒤 제작
iamywl-v1-d24cebcf6e2e42d8,그리디에 대해서,탐욕법,7c88acd452a104729d6338cb7f9dfb29c18083f4e45cbd87f13176069fe7b959,TEXT_FIRST,그림 필요성을 추가 검토한 뒤 제작
iamywl-v1-d425e98f49d74239,투포인터에 대해서,두 포인터,0f7001ffc574fed34cfed348a896f25e9586b6dc41222552f1c60940fd9d990c,TEXT_FIRST,그림 필요성을 추가 검토한 뒤 제작
iamywl-v1-d58c07197421158d,안전 영역 카운트,너비 우선 탐색,cd00e974e07354b491b4c2c50c6c09864ab0d7719652aab380b5251ddd6c0228,TEXT_FIRST,그림 필요성을 추가 검토한 뒤 제작
iamywl-v1-d59ebae73027a479,그래프 강결합 컴포넌트 타잔,그래프,5a4c10a9664463561e788e8dc83db3dc21fc0986dbcc0afd72288a9893187cee,TEXT_FIRST,그림 필요성을 추가 검토한 뒤 제작
iamywl-v1-d5d5ab6fbe2e7f58,최대 연결 컴포넌트 쿼리,서로소 집합,0075d5c3c0559916b453a8ef9c0325eea8b326a630065a377e041be7aad63b26,TEXT_FIRST,그림 필요성을 추가 검토한 뒤 제작
iamywl-v1-d7c06aa348120095,사이클 판별기,서로소 집합,a5e9d95accb48b0436d51ea08df68e3e4de160fae7f8f3bdec5dffe560147816,TEXT_FIRST,그림 필요성을 추가 검토한 뒤 제작
iamywl-v1-d7e06701c604655a,피보나치 수 호출 카운터,재귀,f1f4200c3bc146c34ee06841c641a3dafbcd73db078407a259fcb90a96245c11,TEXT_FIRST,그림 필요성을 추가 검토한 뒤 제작
iamywl-v1-d993106a8d853045,연속구간 부분합 - 백준 2003 기반,두 포인터,6f1d7f966ec1e1bf7cfea6ff31bc6239053f8aacfdf67cb22348c4e70592ff19,TEXT_FIRST,그림 필요성을 추가 검토한 뒤 제작
iamywl-v1-da2d5cb7ffae00f1,연구소 방화벽 구축,깊이 우선 탐색,98710995a851da7231cf114b06592ac1d1e78d6b5f755f62df501cff546a7bdd,ILLUSTRATED,규칙 검토 완료
iamywl-v1-db7689ba3456a8ad,회전하는 큐,덱,435a92a514124b3b20d58d84b9e74ecc17699f9ba2c6daca801ce175e3952a9a,TEXT_FIRST,그림 필요성을 추가 검토한 뒤 제작
iamywl-v1-db8b7d46b284973c,AC 언어 뒤집기와 버리기,덱,f4a2861337a0c149e386d6b51d7282e8bd5c4b797b5d3ebba97dc501f2371e1a,TEXT_FIRST,그림 필요성을 추가 검토한 뒤 제작
iamywl-v1-dbd7d039278d3356,원형 테이블 좌석 배치,순열,24fef93a42535533d57ccc9299291cc66a5232a5fefbb40e4ad8723918aceb38,TEXT_FIRST,그림 필요성을 추가 검토한 뒤 제작
iamywl-v1-dc94f0c0ae5f5f06,이준이의 고속도로 건설,최소 신장 트리,44551a50d63e772088b709f02eb08bc419a2e2fdbe2321d261b0ceee85ff03e7,TEXT_FIRST,그림 필요성을 추가 검토한 뒤 제작
iamywl-v1-decabb3afda91463,생과일주스 레시피,조합,c4c9b492653eceff95bdaea0fd9c24c259e45d0d290511e385e3cf87d5cd3c65,TEXT_FIRST,그림 필요성을 추가 검토한 뒤 제작
iamywl-v1-decbd53fa47486ed,비트 연속 구간 1의 최대개수,슬라이딩 윈도우,ac7ddb75e6db02cbc812bbd7b0f4a75ce9542a2c43d2f5b956028c3936139e72,TEXT_FIRST,그림 필요성을 추가 검토한 뒤 제작
iamywl-v1-df179f1091fc1a3a,작업 공정 최적순서,순열,b896fa3a34acf4b1a0b1fedabf3ea8c2070e280afea11e21e22e4cf0bcf31259,TEXT_FIRST,그림 필요성을 추가 검토한 뒤 제작
iamywl-v1-df536cf398291468,후위표기식 연산 기초,스택,da7f9bacd2710426fb70301c4efad41c4f63e8f1b14427c9e0dfb607ed44a99f,TEXT_FIRST,그림 필요성을 추가 검토한 뒤 제작
iamywl-v1-e034f7d0e0c10abe,시아의 섬 연결 프로젝트,서로소 집합,758f1e0326f60bc305a2d398e0afb5f33d4ecab3ed69e4e73fe594b890145358,REVIEW_NEEDED,격자 / 상하좌우
iamywl-v1-e068f090b01643eb,이준이의 프랙탈 도형 블록 쌓기,재귀,6f5bf3115a3f4d0e97f38d671545d179156e80e12a4dfce4d615ade43b607f00,REVIEW_NEEDED,좌표
iamywl-v1-e171b56465b20fb7,두번째 최소신장트리,최소 신장 트리,b327c2ff5a859806d4bb518e8c7f469fd783a2f76969d5f3bed8ce9f9e5c90ab,TEXT_FIRST,그림 필요성을 추가 검토한 뒤 제작
iamywl-v1-e1b110b3d3b05787,보물섬 열쇠 수집,너비 우선 탐색,58bf9f45610fb3c339b0efa059e78f8279bf82fe3cd1f382279cef720deca9a3,TEXT_FIRST,그림 필요성을 추가 검토한 뒤 제작
iamywl-v1-e51a3b60a57eb102,알파벳 보드 최장 경로 백트래킹,깊이 우선 탐색,869258e7f99983b21cd97d188e1ac6caf11ab65e93ba2ad1b6ae5419da28909c,TEXT_FIRST,그림 필요성을 추가 검토한 뒤 제작
iamywl-v1-e53613d8da56aded,앞뒤 대칭 팰린드롬 검사,덱,cb51d94011ea4ee09b7df1f9b6c7b1cb7cb4cdb5435c5ce4acccc8a81deb0170,TEXT_FIRST,그림 필요성을 추가 검토한 뒤 제작
iamywl-v1-e68d606591db1348,피보나치 수열 메모이제이션,동적 계획법,819fc35b18adb36f373145b5b91881d018d2f5a7f7bde4fec328bda12d912bfe,TEXT_FIRST,그림 필요성을 추가 검토한 뒤 제작
iamywl-v1-e785fc07fc69485a,유주의 장난감 조립 순서,위상 정렬,48a2eb055622011237eece1b2f9968039a3935169047e38ed3bb5e205906bdc1,TEXT_FIRST,그림 필요성을 추가 검토한 뒤 제작
iamywl-v1-e90b5aea34e5c134,모노톤덱 구간 최솟값 쿼리,슬라이딩 윈도우,3c0dc174f06294295c3e4276617e1aad982ff7a701ac58a21611945169ebdc04,TEXT_FIRST,그림 필요성을 추가 검토한 뒤 제작
iamywl-v1-e98b126c4f6123b6,알파벳 보드 여행,깊이 우선 탐색,61f580aa4e324e1be4591c370d8cebe5adcb701a548497f601055539d6459c91,TEXT_FIRST,그림 필요성을 추가 검토한 뒤 제작
iamywl-v1-e9bde597df11ca87,은우의 나무 자르기,이분 탐색,cfae57cb98280230bcaea96185dc58d51769267a6d69ee0e9c25c3263618443d,TEXT_FIRST,그림 필요성을 추가 검토한 뒤 제작
iamywl-v1-eb6275b37b5395ed,도하의 보물섬 최장 최단거리 탐색,너비 우선 탐색,40191e7eb1b69f93d97def9c9866181e1570592692ef12081806670176dbd643,TEXT_FIRST,그림 필요성을 추가 검토한 뒤 제작
iamywl-v1-ebef37eed133b336,원형 리스트 요세푸스 순열 최적화,연결 리스트,ac9de5aaf178dc1d26475fd64d1ddfa0a47ce0e6c2e546aa2f5b3306a0392e2e,TEXT_FIRST,그림 필요성을 추가 검토한 뒤 제작
iamywl-v1-ecc17491c5c23a72,슬라이딩윈도우 덱 최솟값 - 백준 11003 기반,큐,c8b6b5a58c4d10af47255d668057ebb0d600074d1f082440bf694bef5ab8a8f3,TEXT_FIRST,그림 필요성을 추가 검토한 뒤 제작
iamywl-v1-ed6c47ecc74ef764,조합에 대해서,조합,488129c51d41d304778d2df1a988f14dbdec5525eb2bc834833b4ee12b811d17,TEXT_FIRST,그림 필요성을 추가 검토한 뒤 제작
iamywl-v1-ee2e86b76c131bd5,숫자 카드 합치기 게임,큐,0787c6ce0d9dc2ec364aa72eb69ddb4c8353eecd97f9262cb8da8128bb242f50,TEXT_FIRST,그림 필요성을 추가 검토한 뒤 제작
iamywl-v1-ee72773e080773a0,암호생성기 회전 - SWEA 1225 기반,큐,26c505c7275ab6bcad5c877ce2e7a9a04e9a5dc7fe723066ea3bb41f9bceb310,TEXT_FIRST,그림 필요성을 추가 검토한 뒤 제작
iamywl-v1-efe67d121c51b91f,자연수 분할 분할수 DP,중복 조합,dbfb9313b0e4c62003b61fd13cb0261b553159795b2f57f3eee83a7c432fe59b,TEXT_FIRST,그림 필요성을 추가 검토한 뒤 제작
iamywl-v1-f0c385946fba5f09,두 부분배열의 합 중간에서 만나기,부분집합,63eebd16f1f27f71916dba245a01837074eda619c3b51ef7f7bbca346d31cf16,TEXT_FIRST,그림 필요성을 추가 검토한 뒤 제작
iamywl-v1-f0ea128468968d9f,하윤이의 회의실 배정 최대 스케줄링,탐욕법,e9faec21698a35e5371d9b3a457f3d23b64b8664766be5ec61b73d39a12845cb,TEXT_FIRST,그림 필요성을 추가 검토한 뒤 제작
iamywl-v1-f14b1493dcdeca70,부분배열 중앙값 유지 엔진,슬라이딩 윈도우,b6b6e2ed3ac06abb951695c23e854ce01403d06d9a5c2495bac6ee5a418f7e1d,TEXT_FIRST,그림 필요성을 추가 검토한 뒤 제작
iamywl-v1-f16065dcccde0087,격자 도미노 비트마스크,부분집합,c2221f3a8535c0812c1bbb134f9bc79b0c5a68154191c60887afb9c80671c022,ILLUSTRATED,규칙 검토 완료
iamywl-v1-f17db5a6c59410b8,하윤이의 과일 스무디 당도 분석,슬라이딩 윈도우,788e0494b61bbe08be3e8ae0d4094a64775604b345ea103638cb14f3f04fc665,TEXT_FIRST,그림 필요성을 추가 검토한 뒤 제작
iamywl-v1-f1a349294401c7b2,서준이의 문자열 빈도 분석,자료구조,52d8766747927b8f74488e196dd2f70e7b0eb51c14ff673641d55c168a4bb1cf,TEXT_FIRST,그림 필요성을 추가 검토한 뒤 제작
iamywl-v1-f1ae5587810c87e5,비트마스크 동적계획법 집합 분할,부분집합,bb98039d066de40eaaa191a772090341ed24ff071d6bb0730baeee9cc7110746,TEXT_FIRST,그림 필요성을 추가 검토한 뒤 제작
iamywl-v1-f268d853936f0d6e,올바른 괄호,자료구조,64b7f7b23e8f56f455ddd02e9461fb6815766ee41333f9ef6bc1d57fa92425c4,TEXT_FIRST,그림 필요성을 추가 검토한 뒤 제작
iamywl-v1-f269dc738cfd2467,수식 연산자 우선순위 분할 계산,재귀,e713d542c1af0fa9f826c48a1f32784ea55fa42818a391593da6ba4a5b27d136,TEXT_FIRST,그림 필요성을 추가 검토한 뒤 제작
iamywl-v1-f8081647c5c72859,이서의 동전 교환 최소 동전수,동적 계획법,549ac30768f14344dbcc4c1597b6be28a001408e567c2ab54520724796f7e9e8,TEXT_FIRST,그림 필요성을 추가 검토한 뒤 제작
iamywl-v1-f8cda28d06a768d8,가위바위보 대진표,중복 순열,bf45ded5686fdd2760a88fc09f1bf7bc3552999b3e16c85ecf540d741c4a9344,TEXT_FIRST,그림 필요성을 추가 검토한 뒤 제작
iamywl-v1-f989e00255cb1a9b,도하의 보트 탑승 짝짓기,두 포인터,4878d3a669f198a77ba9a7c139e828658d508b0355651f302c6f1b49fa93111a,TEXT_FIRST,그림 필요성을 추가 검토한 뒤 제작
iamywl-v1-f99b5a27bb1eaef8,서준이의 친구 네트워크,서로소 집합,455b74a8a4ae510e7534ee8059cd2a07aa206bdc5266717f0c1f4af88a3b5715,TEXT_FIRST,그림 필요성을 추가 검토한 뒤 제작
iamywl-v1-faa5cbea26a4b83f,체육복 대여 도우미,탐욕법,9a2930c1df3808d4774203941727f4e7596495f4ce98f8c092111d07eac62b84,TEXT_FIRST,그림 필요성을 추가 검토한 뒤 제작
iamywl-v1-fc6ff26da97e5f97,위상정렬에 대해서,위상 정렬,053ce79edc36a5ad7155dfcf43acfea32026ffdc5c4dd9e7f86894529b1ccc3e,TEXT_FIRST,그림 필요성을 추가 검토한 뒤 제작
iamywl-v1-fc83dcd8176c17d3,플로이드 워셜 모든쌍 최단경로,최단 경로,dbc5a7460d42f5a6df078ed4803ce16cc09991c400a605a9180863e9c43eb2c5,TEXT_FIRST,그림 필요성을 추가 검토한 뒤 제작
iamywl-v1-fecd5508ff7e88d9,연속 온도 최대합,슬라이딩 윈도우,547f1cc2e11d083db9a23030bb9268f907fe59a7153e73a699f8c23cf2be4872,TEXT_FIRST,그림 필요성을 추가 검토한 뒤 제작
iamywl-v1-ff911ece9cc1639f,서준이의 되돌리기 가능한 문서 편집기,덱,da42a664313b8bde6f6dfbb57e7e5fda4faa5abe64fcf4760e43458b87054d4d,ILLUSTRATED,규칙 검토 완료
iamywl-v1-ffe0735a727f73f9,배낭 무게 한도,부분집합,2d070673d8c97c224f3ddb4a3629b87c9795992c78631a9c2a03d483d63fd02a,TEXT_FIRST,그림 필요성을 추가 검토한 뒤 제작
sum-v1,두 정수의 합,,2d61eb19b57d5f6b567fcdf569f7e9d633180cda1eaa8c183fb9ba633af46c0a,TEXT_FIRST,그림 필요성을 추가 검토한 뒤 제작
total-v1,수열의 합,,18eec8591b4e891f4dde5c1f8d6da977ca9973cc2a3a23279395c6d154a9058d,TEXT_FIRST,그림 필요성을 추가 검토한 뒤 제작
valid-parentheses-v1,올바른 괄호,,01563a5444dd617161ffc56d41a47e1e27451fe6ab2789f4261de28fd3589114,TEXT_FIRST,그림 필요성을 추가 검토한 뒤 제작
